CODI_CAPA,CAPA_GENERICA,NOM_CAPA,EQUIPAMENT,NOM_DISTRICTE,NOM_BARRI,ADRECA
P001,Internet i comunicacions,WiFi BCN,Punt de connexió Barcelona WiFi a la cruïlla del carrer Llacuna amb Pere IV,Sant Martí,el Poblenou,"C Pere IV, 164"
P001,Internet i comunicacions,WiFi BCN,Casal Municipal de Gent Gran Cotxeres de Sants,Sants-Montjuïc,Sants,"Pas Fructuós Gelabert, 6"
P001,Internet i comunicacions,WiFi BCN,Centre Cívic La Cadena,Sants-Montjuïc,la Marina de Port,"C Mare de Déu de Port, 397"
P001,Internet i comunicacions,WiFi BCN,Punt de connexió Barcelona WiFi a la cruïlla del carrer Espronceda amb Avinguda Diagonal,Sant Martí,el Poblenou,"Av Diagonal, 119"
P001,Internet i comunicacions,WiFi BCN,Punt de connexió Barcelona WiFi a la cruïlla de la Rambla Prim amb Avinguda Diagonal,Sant Martí,el Besòs i el Maresme,"Av Diagonal, 2"
P001,Internet i comunicacions,WiFi BCN,Punt de connexió Barcelona WiFi a la cruïlla del carrer Comerç amb el Passeig del Born,Ciutat Vella,"Sant Pere, Santa Caterina i la Ribera","Pg Born, 36"
P001,Internet i comunicacions,WiFi BCN,Centre Esportiu Municipal Can Dragó,Nou Barris,Porta,"C Rosselló i Porcel, 7*11"
P001,Internet i comunicacions,WiFi BCN,Casal de Gent Gran del Baix Guinardó,Horta-Guinardó,el Baix Guinardó,"C Marina, 380"
P001,Internet i comunicacions,WiFi BCN,Mercat de La Concepció,Eixample,la Dreta de l'Eixample,"C Aragó, 311*LB"
P001,Internet i comunicacions,WiFi BCN,Jardins Interior d'Illa de Tres Tombs,Eixample,Sant Antoni,"C Manso, 24*28"
P001,Internet i comunicacions,WiFi BCN,Punt de connexió Barcelona WiFi a la cruïlla del carrer Comte d'Urgell amb Tamarit,Eixample,Sant Antoni,"C Comte d'Urgell, 12"
P001,Internet i comunicacions,WiFi BCN,Centre Cívic Casinet d'Hostafrancs,Sants-Montjuïc,Hostafrancs,"C Rector Triadó, 53"
P001,Internet i comunicacions,WiFi BCN,Punt de connexió Barcelona WiFi a la cruïlla del carrer Casanova amb carrer Londres,Eixample,l'Antiga Esquerra de l'Eixample,"C Casanova, 226"
P001,Internet i comunicacions,WiFi BCN,Punt de connexió Barcelona WiFi a la cruïlla de la plaça Lesseps amb el carrer Gran de Gràcia,Sarrià-Sant Gervasi,el Putxet i el Farró,"Pl Lesseps, 30"
P001,Internet i comunicacions,WiFi BCN,Punt de connexió Barcelona WiFi a la cruïlla del carrer Padilla amb carrer València,Eixample,la Sagrada Família,"C Padilla, 227"
P001,Internet i comunicacions,WiFi BCN,Punt de connexió Barcelona WiFi a la cruïlla del carrer Calvet amb Calaf,Sarrià-Sant Gervasi,Sant Gervasi - Galvany,"C Calvet, 58"
P001,Internet i comunicacions,WiFi BCN,Punt 7 - Punt d'Informació Juvenil d'Horta-Guinardó,Horta-Guinardó,Horta,"C Horta, 71"
P001,Internet i comunicacions,WiFi BCN,Casal de Gent Gran Fort Pienc,Eixample,el Fort Pienc,"Pl Fort Pienc, 4-5"
P001,Internet i comunicacions,WiFi BCN,Punt de connexió Barcelona WiFi a la cruïlla del carrer Aragó amb carrer del Comte d'Urgell,Eixample,la Nova Esquerra de l'Eixample,"C Aragó, 147"
P001,Internet i comunicacions,WiFi BCN,Espai Jove La Fontana,Gràcia,la Vila de Gràcia,"C Gran de Gràcia, 190*192"
P001,Internet i comunicacions,WiFi BCN,Oficina de l'Habitatge de Sants-Montjuïc,Sants-Montjuïc,Sants - Badal,"C Antoni de Capmany, 23"
P001,Internet i comunicacions,WiFi BCN,Punt de connexió Barcelona WiFi a la cruïlla dels carrers Comte d'Urgell amb carrer Provença,Eixample,la Nova Esquerra de l'Eixample,"C Comte d'Urgell, 149"
P001,Internet i comunicacions,WiFi BCN,Casal de Barri La Cosa Nostra,Nou Barris,Can Peguera,"C Biure, 1"
P001,Internet i comunicacions,WiFi BCN,Punt de connexió Barcelona WiFi a la cruïlla de l'Avinguda Gaudí amb el carrer Indústria,Eixample,la Sagrada Família,"C Indústria, 155"
P001,Internet i comunicacions,WiFi BCN,Punt de connexió Barcelona WiFi a la cruïlla del carrer Numància amb carrer Robrenyó,Sants-Montjuïc,Sants,"C Numància, 31"
P001,Internet i comunicacions,WiFi BCN,Punt de connexió Barcelona WiFi a la cruïlla del carrer Còrsega amb l'Avinguda Gaudí,Eixample,la Sagrada Família,"C Còrsega, 572"
P001,Internet i comunicacions,WiFi BCN,Casal de Barri Vila Olímpica-Can Gili Nou,Sant Martí,el Poblenou,"C Taulat, 3*5"
P001,Internet i comunicacions,WiFi BCN,Punt de connexió Barcelona WiFi a la cruïlla del c. Roger de Llúria amb G. V. de les Corts Catalanes,Eixample,la Dreta de l'Eixample,"G.V. Corts Catalanes, 633"
P001,Internet i comunicacions,WiFi BCN,Punt de connexió Barcelona WiFi a la cruïlla del carrer Thous amb el carrer Josep Ciurana,Horta-Guinardó,el Baix Guinardó,"C Thous, 20"
P001,Internet i comunicacions,WiFi BCN,Punt de connexió Barcelona WiFi a la cruïlla del Passeig de Gràcia amb el carrer Diputació,Eixample,la Dreta de l'Eixample,"Pg Gràcia, 30"
P001,Internet i comunicacions,WiFi BCN,Punt de connexió Barcelona WiFi a la cruïlla del c. Viladomat amb la Gran Via de les Corts Catalanes,Eixample,la Nova Esquerra de l'Eixample,"G.V. Corts Catalanes, 489"
P001,Internet i comunicacions,WiFi BCN,Punt de connexió Barcelona WiFi a la cruïlla del carrer Comte Borrell amb l'Avinguda de Roma,Eixample,la Nova Esquerra de l'Eixample,"C Comte Borrell, 184"
P001,Internet i comunicacions,WiFi BCN,Centre Cívic El Coll - La Bruguera,Gràcia,el Coll,"C Aldea, 15"
P001,Internet i comunicacions,WiFi BCN,Punt de connexió Barcelona WiFi a la cruïlla de la Ronda del Guinardó amb el carrer Cartagena,Horta-Guinardó,el Guinardó,"C Cartagena, 374"
P001,Internet i comunicacions,WiFi BCN,Punt de connexió Barcelona WiFi a la cruïlla Federico García Lorca amb el carrer Via Favència,Nou Barris,Canyelles,"Via Favència, 39"
P001,Internet i comunicacions,WiFi BCN,Punt de connexió Barcelona WiFi a la cruïlla de la Ronda del Guinardó amb el carrer San Quintí,Horta-Guinardó,el Guinardó,"Rda Guinardó, 118"
P001,Internet i comunicacions,WiFi BCN,Punt de connexió Barcelona WiFi a la cruïlla de La Rambla amb el carrer Hospital,Ciutat Vella,el Raval,"C la Rambla, 75"
P001,Internet i comunicacions,WiFi BCN,Punt de connexió Barcelona WiFi a la cruïlla del c. Casanova amb la Gran Via de les Corts Catalanes,Eixample,l'Antiga Esquerra de l'Eixample,"G.V. Corts Catalanes, 555"
P001,Internet i comunicacions,WiFi BCN,Punt de connexió Barcelona WiFi a la cruïlla de La Rambla amb el carrer Carme,Ciutat Vella,el Barri Gòtic,"C la Rambla, 116"
P001,Internet i comunicacions,WiFi BCN,Centre Cívic Pati Llimona,Ciutat Vella,el Barri Gòtic,"C Regomir, 3"
P001,Internet i comunicacions,WiFi BCN,Museu Frederic Marès,Ciutat Vella,el Barri Gòtic,"Pl Sant Iu, 5"
P001,Internet i comunicacions,WiFi BCN,Punt de connexió Barcelona WiFi a la cruïlla del carrer de Béjar amb carrer de la Creu Coberta,Sants-Montjuïc,Hostafrancs,"C Béjar, 1"
P001,Internet i comunicacions,WiFi BCN,Centre Esportiu Municipal Can Toda,Gràcia,la Salut,"C Ramiro de Maeztu, 25*27"
P001,Internet i comunicacions,WiFi BCN,Jardí de les Escultures *Annex Edifici Fundació Joan Miró,Sants-Montjuïc,el Poble Sec,"Av Miramar, 1"
P001,Internet i comunicacions,WiFi BCN,Punt de connexió Barcelona WiFi a la cruïlla del carrer Vallespir amb Travessera de les Corts,Les Corts,les Corts,"C Vallespir, 203"
P001,Internet i comunicacions,WiFi BCN,Parc de Cervantes-Roserar,Les Corts,Pedralbes,"Av Diagonal, 706"
P001,Internet i comunicacions,WiFi BCN,Punt de connexió Barcelona WiFi a la cruïlla dels carrers Calàbria amb carrer Aragó,Eixample,la Nova Esquerra de l'Eixample,"C Calàbria, 161"
P001,Internet i comunicacions,WiFi BCN,Museu d'Art Contemporani de Barcelona,Ciutat Vella,el Raval,"Pl Àngels, 1"
P001,Internet i comunicacions,WiFi BCN,Punt de connexió Barcelona WiFi a la cruïlla de Rambla de Catalunya amb Rosselló,Eixample,la Dreta de l'Eixample,"Rbla Catalunya, 117"
P001,Internet i comunicacions,WiFi BCN,Punt de connexió Barcelona WiFi a l'Avinguda Paral·lel 75,Sants-Montjuïc,el Poble Sec,"Av Paral.lel, 75"
P001,Internet i comunicacions,WiFi BCN,Punt de connexió Barcelona WiFi a la cruïlla Av. de l'Estatut de Catalunya amb Jorge Manrique,Horta-Guinardó,la Clota,"Av Estatut de Catalunya, 15"
P001,Internet i comunicacions,WiFi BCN,Punt de connexió Barcelona WiFi a la cruïlla del carrer Nàpols amb carrer Provença,Eixample,la Dreta de l'Eixample,"C Nàpols, 243"
P001,Internet i comunicacions,WiFi BCN,Punt Multimèdia de Sants - Montjuïc *Casa del Mig,Sants-Montjuïc,Sants,"C Muntadas, 1*5"
P001,Internet i comunicacions,WiFi BCN,Punt de connexió Barcelona WiFi a la cruïlla del carrer Cartagena amb carrer de Josep Ciurana,Horta-Guinardó,el Baix Guinardó,"C Cartagena, 393"
P001,Internet i comunicacions,WiFi BCN,Punt de connexió Barcelona WiFi a la cruïlla del carrer Ferrocarril amb el Passeig Calvell,Sant Martí,el Poblenou,"Pg Calvell, 35"
P001,Internet i comunicacions,WiFi BCN,Punt de connexió Barcelona WiFi a la cruïlla dels carrers Calàbria amb carrer del Consell de Cent,Eixample,la Nova Esquerra de l'Eixample,"C Calàbria, 137"
P001,Internet i comunicacions,WiFi BCN,Punt de connexió Barcelona WiFi a la cruïlla dels carrers Aribau amb carrer del Consell de Cent,Eixample,l'Antiga Esquerra de l'Eixample,"C Aribau, 31"
P001,Internet i comunicacions,WiFi BCN,Punt de connexió Barcelona WiFi a la cruïlla de la Via Laietana amb l'Avinguda de la Catedral,Ciutat Vella,el Barri Gòtic,"Pl Antoni Maura, 6"
P001,Internet i comunicacions,WiFi BCN,Centre Ton i Guida,Nou Barris,les Roquetes,"C Romaní, 6"
P001,Internet i comunicacions,WiFi BCN,Centre Artesà Tradicionàrius,Gràcia,la Vila de Gràcia,"Trvs Sant Antoni, 6*8"
P001,Internet i comunicacions,WiFi BCN,Punt de connexió Barcelona WiFi a la cruïlla del carrer Llacuna amb Sancho de Àvila,Sant Martí,el Poblenou,"C Llacuna, 106"
P001,Internet i comunicacions,WiFi BCN,Centre Esportiu Municipal Sardenya,Gràcia,el Camp d'en Grassot i Gràcia Nova,"C Sardenya, 549*553"
P001,Internet i comunicacions,WiFi BCN,Centre Esportiu Municipal Perill,Gràcia,la Vila de Gràcia,"C Perill, 16*22"
P001,Internet i comunicacions,WiFi BCN,Punt de connexió Barcelona WiFi a l'Avinguda Josep Vicenç Foix 98,Sarrià-Sant Gervasi,Sarrià,"Av J V Foix, 100"
P001,Internet i comunicacions,WiFi BCN,Centre Cívic Casa Groga,Horta-Guinardó,Sant Genís dels Agudells,"Av Jordà, 27"
P001,Internet i comunicacions,WiFi BCN,Punt de connexió Barcelona WiFi a la cruïlla del carrer Bilbao amb  Llull,Sant Martí,el Poblenou,"C Bilbao, 32"
P001,Internet i comunicacions,WiFi BCN,Punt de connexió Barcelona WiFi a la cruïlla de la Rambla de Poblenou amb el Passeig Calvell,Sant Martí,el Poblenou,"Rbla Poblenou, 2"
P001,Internet i comunicacions,WiFi BCN,Punt de connexió Barcelona WiFi a la cruïlla del carrer Trafalgar amb Ortigosa,Ciutat Vella,"Sant Pere, Santa Caterina i la Ribera","C Trafalgar, 30"
P001,Internet i comunicacions,WiFi BCN,Punt de connexió Barcelona WiFi a la cruïlla del carrer Mallorca amb Sicília,Eixample,la Sagrada Família,"Pl Sagrada Família, 26"
P001,Internet i comunicacions,WiFi BCN,Punt de connexió Barcelona WiFi a la cruïlla del carrer Jonqueres amb Ramon Mas,Ciutat Vella,"Sant Pere, Santa Caterina i la Ribera","Via Laietana, 54"
P001,Internet i comunicacions,WiFi BCN,Punt de connexió Barcelona WiFi a la cruïlla del carrer Bailén amb Travessera de Gràcia,Gràcia,la Vila de Gràcia,"C Bailèn, 237"
P001,Internet i comunicacions,WiFi BCN,Punt de connexió Barcelona WiFi a la cruïlla del carrer Calvet amb carrer de la Reina Victòria,Sarrià-Sant Gervasi,Sant Gervasi - Galvany,"C Calvet, 82"
P001,Internet i comunicacions,WiFi BCN,Centre de Barri Can Clos,Sants-Montjuïc,la Marina de Port,"Pl Mig de Can Clos, 7"
P001,Internet i comunicacions,WiFi BCN,Punt de connexió Barcelona WiFi a la cruïlla dels carrers Rocafort amb Provença,Eixample,la Nova Esquerra de l'Eixample,"C Rocafort, 203"
P001,Internet i comunicacions,WiFi BCN,Punt de connexió Barcelona WiFi a la cruïlla del carrer Villaroel amb carrer Londres,Eixample,l'Antiga Esquerra de l'Eixample,"C Villarroel, 243"
P001,Internet i comunicacions,WiFi BCN,Punt de connexió Barcelona WiFi a la cruïlla del carrer Via Augusta amb carrer de Sant Eusebi,Sarrià-Sant Gervasi,Sant Gervasi - Galvany,"Via Augusta, 103"
P001,Internet i comunicacions,WiFi BCN,Punt de connexió Barcelona WiFi a la cruïlla dels carrers Villarroel amb Floridablanca,Eixample,Sant Antoni,"C Villarroel, 17"
P001,Internet i comunicacions,WiFi BCN,Casal de Barri Diagonal Mar,Sant Martí,Diagonal Mar i el Front Marítim del Poblenou,"C Selva de Mar, 22*32"
P001,Internet i comunicacions,WiFi BCN,Centre Cívic El Sortidor-Sala Polivalent,Sants-Montjuïc,el Poble Sec,"Pl Sortidor, 12"
P001,Internet i comunicacions,WiFi BCN,Parc de la Ciutadella,Ciutat Vella,"Sant Pere, Santa Caterina i la Ribera","Pg Picasso, 21"
P001,Internet i comunicacions,WiFi BCN,Casal de Gent Gran Pedraforca,Nou Barris,Ciutat Meridiana,"C Pedraforca, 16*18"
P001,Internet i comunicacions,WiFi BCN,Biblioteca La Sagrera-Marina Clotet,Sant Andreu,la Sagrera,"C Camp del Ferro, 1*3"
P001,Internet i comunicacions,WiFi BCN,Centre Cívic del Bon Pastor,Sant Andreu,el Bon Pastor,"Pl Robert Gerhard, 3*4"
P001,Internet i comunicacions,WiFi BCN,Punt de connexió Barcelona WiFi a la cruïlla dels carrers Calàbria amb carrer Diputació,Eixample,la Nova Esquerra de l'Eixample,"C Calàbria, 117"
P001,Internet i comunicacions,WiFi BCN,Punt de connexió Barcelona WiFi a la cruïlla del carrer Llacuna amb el carrer Pujades,Sant Martí,el Poblenou,"C Llacuna, 59"
P001,Internet i comunicacions,WiFi BCN,Centre Cívic Drassanes,Ciutat Vella,el Raval,"C Nou de la Rambla, 43"
P001,Internet i comunicacions,WiFi BCN,Punt de connexió Barcelona WiFi a la cruïlla del Passeig de Sant Joan amb Avinguda Diagonal,Eixample,la Dreta de l'Eixample,"Av Diagonal, 374"
P001,Internet i comunicacions,WiFi BCN,Mercat de Les Corts,Les Corts,les Corts,"Trav Corts, 215"
P001,Internet i comunicacions,WiFi BCN,Punt de connexió Barcelona WiFi a la cruïlla del carrer Nàpols amb carrer Casp,Eixample,el Fort Pienc,"C Nàpols, 123"
P001,Internet i comunicacions,WiFi BCN,Punt de connexió Barcelona WiFi a la cruïlla del carrer Lepant amb Aragó,Eixample,la Sagrada Família,"C Lepant, 229"
P001,Internet i comunicacions,WiFi BCN,Punt de connexió Barcelona WiFi a la cruïlla de la Gran Via de Carles III amb Masferrer,Les Corts,les Corts,"G.V. Carles III, 74"
P001,Internet i comunicacions,WiFi BCN,Punt de connexió Barcelona WiFi a la cruïlla del carrer Balmes amb Aragó,Eixample,l'Antiga Esquerra de l'Eixample,"C Balmes, 59"
P001,Internet i comunicacions,WiFi BCN,Torre Jussana - Centre de Serveis a les Associacions,Horta-Guinardó,la Clota,"Av Cardenal Vidal Barraquer, 30"
P001,Internet i comunicacions,WiFi BCN,Punt de connexió Barcelona WiFi a la cruïlla del Pg. de la Bonanova amb carrer de Pomaret,Sarrià-Sant Gervasi,Sant Gervasi - la Bonanova,"Pg Bonanova, 70"
P001,Internet i comunicacions,WiFi BCN,Centre de Serveis Socials Poble-sec,Sants-Montjuïc,el Poble Sec,"C Roser, 15"
P001,Internet i comunicacions,WiFi BCN,Punt de connexió Barcelona WiFi a la cruïlla del carrer Mont-ral amb carrer Dr. Letamendi,Horta-Guinardó,Horta,"C Mont-ral, 31"
P001,Internet i comunicacions,WiFi BCN,Casal de Barri Verdun,Nou Barris,Verdun,"C Luz Casanova, 4"
P001,Internet i comunicacions,WiFi BCN,Punt de connexió Barcelona WiFi a la cruïlla del carrer Selva de Mar amb Avinguda Diagonal,Sant Martí,Diagonal Mar i el Front Marítim del Poblenou,"C Selva de Mar, 43"
P001,Internet i comunicacions,WiFi BCN,Centre Cívic Cotxeres Borrell,Eixample,Sant Antoni,"C Viladomat, 2*8"
P001,Internet i comunicacions,WiFi BCN,Punt de connexió Barcelona WiFi a la cruïlla del carrer València amb Pau Claris,Eixample,la Dreta de l'Eixample,"C Pau Claris, 148"
P001,Internet i comunicacions,WiFi BCN,Punt de connexió Barcelona WiFi a la cruïlla del carrer Amigó amb Via Augusta,Sarrià-Sant Gervasi,Sant Gervasi - Galvany,"C Amigó, 86"
P001,Internet i comunicacions,WiFi BCN,Punt de connexió Barcelona WiFi a la cruïlla del carrer del Cigne amb el carrer Gran de Gràcia,Gràcia,la Vila de Gràcia,"C Cigne, 1"
P001,Internet i comunicacions,WiFi BCN,Centre Cívic Besòs,Sant Martí,el Besòs i el Maresme,"Rbla Prim, 87*89"
P001,Internet i comunicacions,WiFi BCN,Punt de connexió Barcelona WiFi a la cruïlla del carrer Còrsega amb carrer Castillejos,Eixample,la Sagrada Família,"C Còrsega, 592"
P001,Internet i comunicacions,WiFi BCN,Espai de Gent Gran Sagrada Família,Eixample,la Sagrada Família,"C Mallorca, 425*433"
P001,Internet i comunicacions,WiFi BCN,Punt de connexió Barcelona WiFi a la cruïlla del carrer Espronceda amb Ramon Turro,Sant Martí,el Poblenou,"C Espronceda, 48"
P001,Internet i comunicacions,WiFi BCN,Punt de connexió Barcelona WiFi a la cruïlla del carrer Via Augusta amb Vergós,Sarrià-Sant Gervasi,les Tres Torres,"Via Augusta, 300"
P001,Internet i comunicacions,WiFi BCN,Parc del Laberint d'Horta,Horta-Guinardó,Montbau,"Pg Castanyers, 1"
P001,Internet i comunicacions,WiFi BCN,Centre Cívic Matas i Ramis,Horta-Guinardó,Horta,"Feliu i Codina, 20"
P001,Internet i comunicacions,WiFi BCN,Punt de connexió Barcelona WiFi a la cruïlla de La Rambla amb el carrer Ferran,Ciutat Vella,el Barri Gòtic,"C la Rambla, 62"
P001,Internet i comunicacions,WiFi BCN,Casal de Barri Font d'en Fargues,Horta-Guinardó,la Font d'en Fargues,"C Pedrell, 67*69"
P001,Internet i comunicacions,WiFi BCN,Punt de connexió Barcelona WiFi a la cruïlla del carrer Diputació amb carrer Bailèn,Eixample,la Dreta de l'Eixample,"C Diputació, 324"
P001,Internet i comunicacions,WiFi BCN,Centre d'Informació i Assessorament per a Joves,Ciutat Vella,el Raval,"C Sant Oleguer, 6*8"
P001,Internet i comunicacions,WiFi BCN,Punt de connexió Barcelona WiFi a la cruïlla dels carrers Comte Borrell amb carrer Rosselló,Eixample,la Nova Esquerra de l'Eixample,"C Comte Borrell, 244"
P001,Internet i comunicacions,WiFi BCN,Punt de connexió Barcelona WiFi a la cruïlla de l'Avinguda del Paral·lel amb Nou de la Rambla,Sants-Montjuïc,el Poble Sec,"Av Paral.lel, 57"
P001,Internet i comunicacions,WiFi BCN,Punt de connexió Barcelona WiFi a la cruïlla del carrer Castillejos amb carrer Mallorca,Eixample,la Sagrada Família,"C Los Castillejos, 254"
P001,Internet i comunicacions,WiFi BCN,Punt de connexió Barcelona WiFi a la cruïlla Av. Estatut de Catalunya amb Punt Verd Zona Vall Hebron,Horta-Guinardó,la Vall d'Hebron,"C Jorge Manrique, 2"
P001,Internet i comunicacions,WiFi BCN,Punt de connexió Barcelona WiFi a la cruïlla de la Ronda del Guinardó amb Castillejos,Horta-Guinardó,el Baix Guinardó,"Rda Guinardó, 74"
P001,Internet i comunicacions,WiFi BCN,Punt de connexió Barcelona WiFi a la cruïlla de la Rambla del Poblenou amb Sancho de Àvila,Sant Martí,el Poblenou,"Rbla Poblenou, 127"
P001,Internet i comunicacions,WiFi BCN,Punt de connexió Barcelona WiFi a la cruïlla del carrer Torre d'en Damians amb c. Consell de Cent,Sants-Montjuïc,Hostafrancs,"C Torre d'en Damians, 8"
P001,Internet i comunicacions,WiFi BCN,Punt de connexió Barcelona WiFi a la cruïlla del carrer Sant Antoni Maria Claret amb carrer Padilla,Eixample,la Sagrada Família,"C Sant Antoni Maria Claret, 180"
P001,Internet i comunicacions,WiFi BCN,Punt de connexió Barcelona WiFi a la cruïlla del carrer Sardenya amb carrer Diputació,Eixample,el Fort Pienc,"C Sardenya, 242"
P001,Internet i comunicacions,WiFi BCN,Punt de connexió Barcelona WiFi a la cruïlla dels carrers Entença amb carrer del Consell de Cent,Eixample,la Nova Esquerra de l'Eixample,"C Entença, 87"
P001,Internet i comunicacions,WiFi BCN,Punt de connexió Barcelona WiFi a la cruïlla del carrer Indústria amb carrer Conca,Sant Martí,el Camp de l'Arpa del Clot,"C Indústria, 270"
P001,Internet i comunicacions,WiFi BCN,Punt de connexió Barcelona WiFi a la cruïlla del carrer Aragó amb Sicília,Eixample,el Fort Pienc,"C Sicília, 191"
P001,Internet i comunicacions,WiFi BCN,Punt de connexió Barcelona WiFi a la cruïlla del Passeig de la Vall Hebron i  Pl  Karl Marx,Horta-Guinardó,Horta,"C Mont ral, 63"
P001,Internet i comunicacions,WiFi BCN,Punt de connexió Barcelona WiFi a la cruïlla del carrer Via Augusta amb carrer de Dolors Monserdà,Sarrià-Sant Gervasi,Sarrià,"Via Augusta, 362"
P001,Internet i comunicacions,WiFi BCN,Punt de connexió Barcelona WiFi a la cruïlla de la Gran Via de Carles III amb Avinguda Diagonal,Les Corts,les Corts,"Av Diagonal, 609"
P001,Internet i comunicacions,WiFi BCN,Platja de Sant Sebastià,Ciutat Vella,la Barceloneta,"Pg Marítim Barceloneta, 2"
P001,Internet i comunicacions,WiFi BCN,Parc de la Pegaso,Sant Andreu,la Sagrera,"C Sagrera, 179"
P001,Internet i comunicacions,WiFi BCN,Punt de connexió Barcelona WiFi a la cruïlla del carrer Sicília amb el carrer Consell de Cent,Eixample,el Fort Pienc,"C Sicília, 169"
P001,Internet i comunicacions,WiFi BCN,Museu Picasso,Ciutat Vella,"Sant Pere, Santa Caterina i la Ribera","C Montcada, 15*23"
P001,Internet i comunicacions,WiFi BCN,Punt de connexió Barcelona WiFi a la cruïlla del carrer Felip II amb Garcilaso,Sant Andreu,la Sagrera,"C Felip II, 136"
P001,Internet i comunicacions,WiFi BCN,Punt de connexió Barcelona WiFi a la cruïlla del carrer Santa Carolina amb Padilla,Horta-Guinardó,el Baix Guinardó,"C Santa Carolina, 20"
P001,Internet i comunicacions,WiFi BCN,Punt de connexió Barcelona WiFi a la cruïlla dels carrer Rocafort amb carrer Consell de Cent,Eixample,la Nova Esquerra de l'Eixample,"C Rocafort, 125"
P001,Internet i comunicacions,WiFi BCN,Punt de connexió Barcelona WiFi a la cruïlla del carrer Casanova amb carrer Mallorca,Eixample,l'Antiga Esquerra de l'Eixample,"C Casanova, 128"
P001,Internet i comunicacions,WiFi BCN,Punt de connexió Barcelona WiFi a la cruïlla del carrer Jerez amb Coïmbra,Horta-Guinardó,Horta,"C Jerez, 2"
P001,Internet i comunicacions,WiFi BCN,Centre Cívic Font de la Guatlla,Sants-Montjuïc,la Font de la Guatlla,"C Rabí Rubèn, 22*26"
P001,Internet i comunicacions,WiFi BCN,Punt de connexió Barcelona WiFi a la cruïlla de la Ronda del General Mitre amb carrer Septimània,Sarrià-Sant Gervasi,el Putxet i el Farró,"Rda General Mitre, 257"
P001,Internet i comunicacions,WiFi BCN,Punt de connexió Barcelona WiFi a la cruïlla del carrer Llacuna amb l'Avinguda Litoral,Sant Martí,el Poblenou,"Pg Marítim del Bogatell, 97"
P001,Internet i comunicacions,WiFi BCN,Punt de connexió Barcelona WiFi a la cruïlla de l'Avinguda Diagonal amb Sardenya,Eixample,el Fort Pienc,"Av Diagonal, 277"
P001,Internet i comunicacions,WiFi BCN,El Centre de la Platja,Ciutat Vella,la Barceloneta,"Pg Marítim Barceloneta, 25*29"
P001,Internet i comunicacions,WiFi BCN,Casal de Gent Gran Joan Casanelles,Sant Martí,el Clot,"C Concili de Trento, 35"
P001,Internet i comunicacions,WiFi BCN,Jardins de la Casa Elizalde,Eixample,la Dreta de l'Eixample,"C València, 302"
P001,Internet i comunicacions,WiFi BCN,Punt de connexió Barcelona WiFi a la cruïlla del carrer Selva de Mar amb Llull,Sant Martí,Diagonal Mar i el Front Marítim del Poblenou,"C Selva de Mar, 38"
P001,Internet i comunicacions,WiFi BCN,Punt de connexió Barcelona WiFi a la cruïlla del carrer Bruc amb l'Avinguda Diagonal,Eixample,la Dreta de l'Eixample,"C Bruc, 152"
P001,Internet i comunicacions,WiFi BCN,Punt de connexió Barcelona WiFi a la cruïlla del carrer Lepant amb l'Avinguda Gaudí,Eixample,la Sagrada Família,"Av Gaudí, 22"
P001,Internet i comunicacions,WiFi BCN,Punt de connexió Barcelona WiFi a la cruïlla del Passeig de Sant Joan amb el carrer Indústria,Gràcia,el Camp d'en Grassot i Gràcia Nova,"Pg Sant Joan, 166"
P001,Internet i comunicacions,WiFi BCN,Sala Jove de Baró de Viver,Sant Andreu,Baró de Viver,"Pg Santa Coloma, 104"
P001,Internet i comunicacions,WiFi BCN,Punt de connexió Barcelona WiFi a la cruïlla del carrer Pau Claris amb carrer Còrsega,Eixample,la Dreta de l'Eixample,"C Pau Claris, 189"
P001,Internet i comunicacions,WiFi BCN,Punt de connexió Barcelona WiFi a la cruïlla del carrer Nàpols amb carrer Indústria,Gràcia,el Camp d'en Grassot i Gràcia Nova,"C Nàpols, 313"
P001,Internet i comunicacions,WiFi BCN,Punt de connexió Barcelona WiFi al Passeig de Sant Antoni (Estació d'Autobusos de Sants),Sants-Montjuïc,Sants,"C Viriat, 23"
P001,Internet i comunicacions,WiFi BCN,Punt de connexió Barcelona WiFi a la cruïlla del carrer Vallmajor amb carrer Reina Victoria,Sarrià-Sant Gervasi,Sant Gervasi - Galvany,"C Vallmajor, 8"
P001,Internet i comunicacions,WiFi BCN,Punt de connexió Barcelona WiFi a la cruïlla del c. Rocafort amb la Gran Via de les Corts Catalanes,Eixample,Sant Antoni,"G.V. Corts Catalanes, 448"
P001,Internet i comunicacions,WiFi BCN,Centre Cívic Sant Andreu,Sant Andreu,Sant Andreu,"C Gran de Sant Andreu, 111"
P001,Internet i comunicacions,WiFi BCN,Punt de connexió Barcelona WiFi a la cruïlla de la Gran Via de les Corts Catalanes amb Roger de Flor,Eixample,la Dreta de l'Eixample,"G.V. Corts Catalanes, 669"
P001,Internet i comunicacions,WiFi BCN,Punt de connexió Barcelona WiFi a la cruïlla de l'Av. Paral·lel amb Comte Borrell,Sants-Montjuïc,el Poble Sec,"Av Paral.lel, 87"
P001,Internet i comunicacions,WiFi BCN,Punt de connexió Barcelona WiFi a la cruïlla del carrer Via Augusta amb Hort de la Vila,Sarrià-Sant Gervasi,les Tres Torres,"Via Augusta, 334"
P001,Internet i comunicacions,WiFi BCN,Punt de connexió Barcelona WiFi a la cruïlla del carrer Bilbao amb la Ronda Litoral,Sant Martí,el Poblenou,"Pg Calvell, 57"
P001,Internet i comunicacions,WiFi BCN,Punt de connexió Barcelona WiFi a la cruïlla dels carrers Rocafort amb Floridablanca,Eixample,Sant Antoni,"C Rocafort, 35"
P001,Internet i comunicacions,WiFi BCN,Punt de connexió Barcelona WiFi a la cruïlla del Pg de Sant Joan amb el c. Sant Antoni Maria Claret,Gràcia,el Camp d'en Grassot i Gràcia Nova,"Pg Sant Joan, 188"
P001,Internet i comunicacions,WiFi BCN,Consorci de les Drassanes Reials i Museu Marítim de Barcelona,Ciutat Vella,el Raval,"Av Drassanes, 1"
P001,Internet i comunicacions,WiFi BCN,Punt de connexió Barcelona WiFi a la cruïlla del carrer d'Enric Granados amb carrer Rosselló,Eixample,l'Antiga Esquerra de l'Eixample,"C Enric Granados, 93"
P001,Internet i comunicacions,WiFi BCN,Punt de connexió Barcelona WiFi a la cruïlla del carrer Indústria amb carrer del Guinardó,Sant Martí,el Camp de l'Arpa del Clot,"C Indústria, 316"
P001,Internet i comunicacions,WiFi BCN,Punt de connexió Barcelona WiFi a la cruïlla del Pg. Reina Elisenda de Montcada amb la Plaça Sarrià,Sarrià-Sant Gervasi,Sarrià,"Pl Sarrià, 11"
P001,Internet i comunicacions,WiFi BCN,Pista Poliesportiva del Parc de la Creueta del Coll,Gràcia,el Coll,"C Castellterçol, 15"
P001,Internet i comunicacions,WiFi BCN,Punt de connexió Barcelona WiFi a la cruïlla del carrer Balmes amb carrer del Francolí,Sarrià-Sant Gervasi,el Putxet i el Farró,"C Balmes, 316"
P001,Internet i comunicacions,WiFi BCN,Punt de connexió Barcelona WiFi a la cruïlla del carrer Villarroel amb carrer Diputació,Eixample,l'Antiga Esquerra de l'Eixample,"C Villarroel, 71"
P001,Internet i comunicacions,WiFi BCN,Punt de connexió Barcelona WiFi a la cruïlla del carrer Pamplona amb Almogàvers,Sant Martí,el Parc i la Llacuna del Poblenou,"C Pamplona, 101"
P001,Internet i comunicacions,WiFi BCN,Jardins de Vil·la Florida,Sarrià-Sant Gervasi,Sant Gervasi - la Bonanova,"C Muntaner, 548"
P001,Internet i comunicacions,WiFi BCN,Centre Esportiu Municipal Joan Miró,Eixample,la Nova Esquerra de l'Eixample,"C Diputació, 17*19"
P001,Internet i comunicacions,WiFi BCN,Punt de connexió Barcelona WiFi a la cruïlla del carrer Casanova amb Còrsega,Eixample,l'Antiga Esquerra de l'Eixample,"C Casanova, 168"
P001,Internet i comunicacions,WiFi BCN,Centre Municipal Tennis Vall Hebron,Horta-Guinardó,la Vall d'Hebron,"Pg Vall d'Hebron, 178*196"
P001,Internet i comunicacions,WiFi BCN,El Punt - Punt d'Informació Juvenil de Sants-Montjuïc,Sants-Montjuïc,Sants,"C Muntadas, 1*5"
P001,Internet i comunicacions,WiFi BCN,Punt de connexió Barcelona WiFi a la cruïlla del carrer del Consell de Cent amb Comte Borrell,Eixample,la Nova Esquerra de l'Eixample,"C Consell de Cent, 158"
P001,Internet i comunicacions,WiFi BCN,Punt de connexió Barcelona WiFi a la cruïlla del carrer Fluvià amb Llull,Sant Martí,Diagonal Mar i el Front Marítim del Poblenou,"C Fluvià, 50"
P001,Internet i comunicacions,WiFi BCN,Punt de connexió Barcelona WiFi a la cruïlla del carrer Selva de Mar amb Passeig del Taulat,Sant Martí,Diagonal Mar i el Front Marítim del Poblenou,"C Selva de Mar, 18"
P001,Internet i comunicacions,WiFi BCN,Punt de connexió Barcelona WiFi a la cruïlla del carrer de Joan Güell amb Trav. de les Corts,Les Corts,les Corts,"C Joan Güell, 174"
P001,Internet i comunicacions,WiFi BCN,Punt de connexió Barcelona WiFi a la cruïlla de l'Av. Portal de l'Àngel amb el carrer Fontanella,Ciutat Vella,el Barri Gòtic,"Pl Catalunya, 17"
P001,Internet i comunicacions,WiFi BCN,Punt de connexió Barcelona WiFi a la cruïlla del carrer Josep Pla amb Llull,Sant Martí,Diagonal Mar i el Front Marítim del Poblenou,"C Josep Pla, 33"
P001,Internet i comunicacions,WiFi BCN,Punt de connexió Barcelona WiFi a la cruïlla del carrer Xifré amb carrer Freser,Sant Martí,el Camp de l'Arpa del Clot,"C Xifré, 104"
P001,Internet i comunicacions,WiFi BCN,Punt de connexió Barcelona WiFi a la cruïlla dels carrers Aribau amb carrer Via Augusta,Sarrià-Sant Gervasi,Sant Gervasi - Galvany,"C Aribau, 281"
P001,Internet i comunicacions,WiFi BCN,Punt de connexió Barcelona WiFi a la cruïlla de l'Avinguda Meridiana amb Espronceda,Sant Andreu,Navas,"Pl Ferran Reyes, 9"
P001,Internet i comunicacions,WiFi BCN,Punt de connexió Barcelona WiFi a la cruïlla del carrer Torre d'en Damians amb c. Creu Coberta,Sants-Montjuïc,Hostafrancs,"C Torre d'en Damians, 1"
P001,Internet i comunicacions,WiFi BCN,Arxiu Històric de la Ciutat de Barcelona,Ciutat Vella,el Barri Gòtic,"C Santa Llúcia, 1"
P001,Internet i comunicacions,WiFi BCN,Punt de connexió Barcelona WiFi a la cruïlla del carrer Paris amb carrer Muntaner,Eixample,l'Antiga Esquerra de l'Eixample,"C París, 167"
P001,Internet i comunicacions,WiFi BCN,Oficina d'Atenció Ciutadana del Districte de Sarrià - Sant Gervasi,Sarrià-Sant Gervasi,les Tres Torres,"Anglí, 31"
P001,Internet i comunicacions,WiFi BCN,Jardins d'Interior d'Illa de Gaietà Renom,Les Corts,les Corts,"C Montnegre, 39"
P001,Internet i comunicacions,WiFi BCN,Centre Esportiu Municipal l'Espanya Industrial,Sants-Montjuïc,Hostafrancs,"C Muntadas, 37"
P001,Internet i comunicacions,WiFi BCN,Punt de connexió Barcelona WiFi a la cruïlla dels carrers Comte Borrell amb Sepúlveda,Eixample,Sant Antoni,"C Sepúlveda, 109"
P001,Internet i comunicacions,WiFi BCN,Parc de la Creueta del Coll,Gràcia,el Coll,"Pg Mare de Déu del Coll, 77"
P001,Internet i comunicacions,WiFi BCN,Punt de connexió Barcelona WiFi a la cruïlla del carrer Villaroel amb carrer Mallorca,Eixample,l'Antiga Esquerra de l'Eixample,"C Villarroel, 148"
P001,Internet i comunicacions,WiFi BCN,Punt de connexió Barcelona WiFi a la cruïlla de la Rambla del Poblenou amb l'Avinguda Diagonal,Sant Martí,Provençals del Poblenou,"Rbla Poblenou, 148"
P001,Internet i comunicacions,WiFi BCN,Punt de connexió Barcelona WiFi a la cruïlla del carrer Comte Borrell amb Manso,Eixample,Sant Antoni,"C Comte Borrell, 61"
P001,Internet i comunicacions,WiFi BCN,Centre Esportiu Municipal Can Caralleu,Sarrià-Sant Gervasi,Sarrià,"C Esports, 2*8"
P001,Internet i comunicacions,WiFi BCN,Parc de Can Sabaté,Sants-Montjuïc,la Marina de Port,"C Mineria, 16"
P001,Internet i comunicacions,WiFi BCN,Biblioteca Vallcarca i els Penitents - Maria Antonieta Cot i Miralpeix,Gràcia,Vallcarca i els Penitents,"Pg Vall d'Hebron, 65*69"
P001,Internet i comunicacions,WiFi BCN,Complex Esportiu Municipal Olímpia,Sant Martí,Provençals del Poblenou,"C Perú, 215"
P001,Internet i comunicacions,WiFi BCN,Punt de connexió Barcelona WiFi a la cruïlla del carrer Bilbao amb Pallars,Sant Martí,el Poblenou,"C Bilbao, 89"
P001,Internet i comunicacions,WiFi BCN,Punt de connexió Barcelona WiFi a la cruïlla del carrer Josep Ferrater i Mora amb el Pg Garcia Faria,Sant Martí,Diagonal Mar i el Front Marítim del Poblenou,"Av Litoral, 81"
P001,Internet i comunicacions,WiFi BCN,Punt de connexió Barcelona WiFi a la cruïlla de la Rambla Prim amb el Passeig Taulat,Sant Martí,el Besòs i el Maresme,"Pl Llevant, 1"
P001,Internet i comunicacions,WiFi BCN,Punt de connexió Barcelona WiFi a la cruïlla de La Rambla amb el c. del Portal de Santa Madrona,Ciutat Vella,el Raval,"C la Rambla, 7"
P001,Internet i comunicacions,WiFi BCN,Oficina d'Atenció Ciutadana de la plaça Sant Miquel,Ciutat Vella,el Barri Gòtic,"Pl Sant Miquel, 3"
P001,Internet i comunicacions,WiFi BCN,Punt de connexió Barcelona WiFi a la cruïlla del carrer Diputació amb Padilla,Eixample,el Fort Pienc,"C Diputació, 472"
P001,Internet i comunicacions,WiFi BCN,Punt de connexió Barcelona WiFi a la cruïlla de l'Av. Meridiana amb Sant Antoni M. Claret,Sant Andreu,Navas,"Av Meridiana, 247"
P001,Internet i comunicacions,WiFi BCN,Centre Esportiu Municipal Claror,Gràcia,el Camp d'en Grassot i Gràcia Nova,"C Sardenya, 333"
P001,Internet i comunicacions,WiFi BCN,Punt de connexió Barcelona WiFi a la cruïlla del carrer Muntaner amb carrer Còrsega,Eixample,l'Antiga Esquerra de l'Eixample,"C Muntaner, 165"
P001,Internet i comunicacions,WiFi BCN,Punt de connexió Barcelona WiFi a la cruïlla dels carrers Viladomat amb c. Consell de Cent,Eixample,la Nova Esquerra de l'Eixample,"C Viladomat, 155"
P001,Internet i comunicacions,WiFi BCN,Punt de connexió Barcelona WiFi a la cruïlla dels carrers Viladomat amb Sepúlveda,Eixample,Sant Antoni,"C Viladomat, 101"
P001,Internet i comunicacions,WiFi BCN,Punt de connexió Barcelona WiFi a la cruïlla entre Gran Via de les Corts Catalanes i Aribau,Eixample,Sant Antoni,"G.V. Corts Catalanes, 590"
P001,Internet i comunicacions,WiFi BCN,Punt de connexió Barcelona WiFi a la cruïlla del carrer Calvet amb La Forja,Sarrià-Sant Gervasi,Sant Gervasi - Galvany,"C Calvet, 48"
P001,Internet i comunicacions,WiFi BCN,Punt de connexió Barcelona WiFi a la cruïlla dels carrers Vilamarí amb carrer València,Eixample,la Nova Esquerra de l'Eixample,"C Vilamarí, 83"
P001,Internet i comunicacions,WiFi BCN,Centre Cívic El Carmel,Horta-Guinardó,el Carmel,"C Santuari, 27"
P001,Internet i comunicacions,WiFi BCN,Punt de connexió Barcelona WiFi a la cruïlla del carrer Bilbao amb Avinguda Diagonal,Sant Martí,el Poblenou,"Av Diagonal, 137"
P001,Internet i comunicacions,WiFi BCN,Punt de connexió Barcelona WiFi a la cruïlla del carrer Aragó amb Bruc,Eixample,la Dreta de l'Eixample,"C Aragó, 309"
P001,Internet i comunicacions,WiFi BCN,Punt de connexió Barcelona WiFi a la cruïlla del carrer Girona amb carrer c. d'Ausiàs Marc,Eixample,la Dreta de l'Eixample,"C Girona, 11"
P001,Internet i comunicacions,WiFi BCN,Casal de Gent Gran Pati Llimona,Ciutat Vella,el Barri Gòtic,"Correu Vell, 5"
P001,Internet i comunicacions,WiFi BCN,Centre Cultural La Casa Elizalde,Eixample,la Dreta de l'Eixample,"C València, 302"
P001,Internet i comunicacions,WiFi BCN,Oficina d'Atenció Ciutadana del Districte de Gràcia,Gràcia,la Vila de Gràcia,"Pl Vila de Gràcia, 2"
P001,Internet i comunicacions,WiFi BCN,Espai Jove La Fontana-Sala d'Estudi La Fontana,Gràcia,la Vila de Gràcia,"C Gran de Gràcia, 190*192"
P001,Internet i comunicacions,WiFi BCN,Punt de connexió Barcelona WiFi a la cruïlla de la Trav. de Les Corts amb la Gran Via de Carles III,Les Corts,la Maternitat i Sant Ramon,"G.V. Carles III, 45"
P001,Internet i comunicacions,WiFi BCN,Casal de Barri Bac de Roda - Poblenou,Sant Martí,el Poblenou,"Camí Antic de València, 96*116"
P001,Internet i comunicacions,WiFi BCN,Punt de connexió Barcelona WiFi a la cruïlla del carrer Tarragona amb València,Sants-Montjuïc,Hostafrancs,"C Elisi, 36"
P001,Internet i comunicacions,WiFi BCN,Punt de connexió Barcelona WiFi a la cruïlla del carrer Aribau amb Rosselló,Eixample,l'Antiga Esquerra de l'Eixample,"C Aribau, 125"
P001,Internet i comunicacions,WiFi BCN,Punt de connexió Barcelona WiFi a la cruïlla de la Ronda del Guinardó amb el carrer Lepant,Horta-Guinardó,el Baix Guinardó,"Rda Guinardó, 47"
P001,Internet i comunicacions,WiFi BCN,Punt de connexió Barcelona WiFi a la cruïlla dels carrers Sepúlveda amb Villarroel,Eixample,Sant Antoni,"C Villarroel, 39"
P001,Internet i comunicacions,WiFi BCN,Punt de connexió Barcelona WiFi a la cruïlla del Pg de Sant Joan amb el carrer Casp,Eixample,la Dreta de l'Eixample,"Pg Sant Joan, 37"
P001,Internet i comunicacions,WiFi BCN,Casal de Joves Guineueta *Masia de la Guineueta,Nou Barris,la Guineueta,"Pl Ca n'Ensenya, 4"
P001,Internet i comunicacions,WiFi BCN,Punt de connexió Barcelona WiFi a la cruïlla del carrer Mallorca amb carrer Lepant,Eixample,la Sagrada Família,"C Mallorca, 436"
P001,Internet i comunicacions,WiFi BCN,Punt de connexió Barcelona WiFi a la cruïlla del carrer Aragó amb carrer Bailèn,Eixample,la Dreta de l'Eixample,"C Aragó, 339"
P001,Internet i comunicacions,WiFi BCN,Punt de connexió Barcelona WiFi a la cruïlla del carrer Lepant amb Còrsega,Eixample,la Sagrada Família,"C Lepant, 319"
P001,Internet i comunicacions,WiFi BCN,Centre Cívic Cotxeres de Sants,Sants-Montjuïc,Sants,"C Sants, 79*83"
P001,Internet i comunicacions,WiFi BCN,Punt de connexió Barcelona WiFi a la cruïlla del Passeig Colom amb el carrer Simó Oller,Ciutat Vella,el Barri Gòtic,"Pg Colom, 14"
P001,Internet i comunicacions,WiFi BCN,Punt de connexió Barcelona WiFi a la cruïlla del carrer Còrsega amb carrer Bruc,Eixample,la Dreta de l'Eixample,"C Còrsega, 376"
P001,Internet i comunicacions,WiFi BCN,Punt de connexió Barcelona WiFi a la cruïlla del carrer Balmes amb Pelai,Ciutat Vella,el Raval,"C Pelai, 34"
P001,Internet i comunicacions,WiFi BCN,Casal Infantil Sant Martí,Sant Martí,Sant Martí de Provençals,"C Selva de Mar, 215"
P001,Internet i comunicacions,WiFi BCN,Punt de connexió Barcelona WiFi a la cruïlla del carrer Diputació amb Comte Borrell,Eixample,la Nova Esquerra de l'Eixample,"C Diputació, 124"
P001,Internet i comunicacions,WiFi BCN,Punt de connexió Barcelona WiFi a la cruïlla del carrer Balmes amb carrer de les Santjoanistes,Sarrià-Sant Gervasi,el Putxet i el Farró,"C Balmes, 294"
P001,Internet i comunicacions,WiFi BCN,Punt de connexió Barcelona WiFi a la cruïlla del carrer Nàpols amb carrer Diputació,Eixample,la Dreta de l'Eixample,"C Nàpols, 161"
P001,Internet i comunicacions,WiFi BCN,Punt de connexió Barcelona WiFi a la cruïlla del carrer Josep Pla amb el Passeig de Garcia Faria,Sant Martí,Diagonal Mar i el Front Marítim del Poblenou,"C Josep Pla, 2"
P001,Internet i comunicacions,WiFi BCN,Punt de connexió Barcelona WiFi a la cruïlla del carrer Cartagena amb carrer del Consell de Cent,Eixample,la Sagrada Família,"C Cartagena, 166"
P001,Internet i comunicacions,WiFi BCN,Fàbrica de Creació Ateneu Popular 9 Barris,Nou Barris,la Trinitat Nova,"C Portlligat, 11*15"
P001,Internet i comunicacions,WiFi BCN,Camp Municipal Futbol Narcís Sala-Bar,Sant Andreu,Sant Andreu,"C Santa Coloma, 39"
P001,Internet i comunicacions,WiFi BCN,Punt de connexió Barcelona WiFi a la cruïlla del carrer Rocafort amb l'Avinguda de Roma,Eixample,la Nova Esquerra de l'Eixample,"Av Roma, 70"
P001,Internet i comunicacions,WiFi BCN,Punt de connexió Barcelona WiFi a la Ronda del Guinardó 99,Horta-Guinardó,el Guinardó,"Rda Guinardó, 99"
P001,Internet i comunicacions,WiFi BCN,Punt de connexió Barcelona WiFi a la cruïlla del carrer Castella amb Av Diagonal,Sant Martí,Provençals del Poblenou,"C Castella, 38"
P001,Internet i comunicacions,WiFi BCN,Punt de connexió Barcelona WiFi a la cruïlla del carrer Aragó amb el Passeig de Sant Joan,Eixample,la Dreta de l'Eixample,"Pg Sant Joan, 69"
P001,Internet i comunicacions,WiFi BCN,Punt de connexió Barcelona WiFi a la cruïlla del carrer Torrent de l'Olla amb carrer Nil Fabra,Gràcia,la Vila de Gràcia,"C Torrent de l'Olla, 201"
P001,Internet i comunicacions,WiFi BCN,Punt de connexió Barcelona WiFi a la cruïlla dels carrers Calàbria amb carrer París,Eixample,la Nova Esquerra de l'Eixample,"C Calàbria, 268"
P001,Internet i comunicacions,WiFi BCN,Punt de connexió Barcelona WiFi a la cruïlla dels carrers Comte d'Urgell amb París,Eixample,la Nova Esquerra de l'Eixample,"C París, 113"
P001,Internet i comunicacions,WiFi BCN,Punt de connexió Barcelona WiFi a la cruïlla del carrer Secretari Coloma amb carrer Providència,Gràcia,el Camp d'en Grassot i Gràcia Nova,"C Secretari Coloma, 77"
P001,Internet i comunicacions,WiFi BCN,Punt de connexió Barcelona WiFi a la cruïlla del Pg de Sant Joan amb el carrer Ausiàs Marc,Eixample,el Fort Pienc,"Pg Sant Joan, 30"
P001,Internet i comunicacions,WiFi BCN,Punt de connexió Barcelona WiFi a la cruïlla de la Trav. de Dalt amb els Jardins de Menéndez Pelayo,Gràcia,la Vila de Gràcia,"Trav Dalt, 38"
P001,Internet i comunicacions,WiFi BCN,Punt de connexió Barcelona WiFi a la cruïlla del carrer Indústria amb el carrer Navas de Tolosa,Sant Martí,el Camp de l'Arpa del Clot,"C Navas de Tolosa, 343"
P001,Internet i comunicacions,WiFi BCN,Punt de connexió Barcelona WiFi a la cruïlla de la Plaça de Sanllehy amb Sardenya,Gràcia,la Salut,"Pl Sanllehy, 1"
P001,Internet i comunicacions,WiFi BCN,Punt de connexió Barcelona WiFi a la cruïlla del carrer de Sants amb Riera d'Escuder,Sants-Montjuïc,Sants,"C Sants, 213"
P001,Internet i comunicacions,WiFi BCN,Punt de connexió Barcelona WiFi a la cruïlla del carrer Marina amb Diputació,Eixample,el Fort Pienc,"C Diputació, 449"
P001,Internet i comunicacions,WiFi BCN,Punt de connexió Barcelona WiFi a la cruïlla del carrer Santa Agata amb el carrer Gran de Gràcia,Gràcia,la Vila de Gràcia,"C Santa Àgata, 1"
P001,Internet i comunicacions,WiFi BCN,Punt de connexió Barcelona WiFi a la cruïlla del carrer Santaló amb carrer Via Augusta,Sarrià-Sant Gervasi,Sant Gervasi - Galvany,"C Santaló, 109"
P001,Internet i comunicacions,WiFi BCN,Punt de connexió Barcelona WiFi a la cruïlla del carrer Castella amb Bolívia,Sant Martí,Provençals del Poblenou,"C Castella, 46"
P001,Internet i comunicacions,WiFi BCN,Centre Esportiu Municipal Putxet,Sarrià-Sant Gervasi,el Putxet i el Farró,"C Marmellà, 23"
P001,Internet i comunicacions,WiFi BCN,Punt de connexió Barcelona WiFi a la cruïlla del carrer Vilamarí amb Diputació,Eixample,la Nova Esquerra de l'Eixample,"C Vilamarí, 62"
P001,Internet i comunicacions,WiFi BCN,Palau de la Música Catalana,Ciutat Vella,"Sant Pere, Santa Caterina i la Ribera","C Palau de la Música, 2"
P001,Internet i comunicacions,WiFi BCN,Centre Cívic Vil·la Florida,Sarrià-Sant Gervasi,Sant Gervasi - la Bonanova,"C Muntaner, 544"
P001,Internet i comunicacions,WiFi BCN,Centre Esportiu Municipal Marítim,Ciutat Vella,la Barceloneta,"Pg Marítim Barceloneta, 33"
P001,Internet i comunicacions,WiFi BCN,Casal de Barri Verneda,Sant Martí,la Verneda i la Pau,"C Santander, 6"
P001,Internet i comunicacions,WiFi BCN,Centre Esportiu Municipal Estació del Nord,Eixample,el Fort Pienc,"C Nàpols, 42"
P001,Internet i comunicacions,WiFi BCN,Oficina d'Atenció Ciutadana del Districte d'Horta - Guinardó,Horta-Guinardó,el Baix Guinardó,"C Lepant, 387"
P001,Internet i comunicacions,WiFi BCN,Centre Cívic Guinardó-Sala d'Ús Polivalent i d'Actes,Horta-Guinardó,el Guinardó,"Rda Guinardó, 113*141"
P001,Internet i comunicacions,WiFi BCN,Punt de connexió Barcelona WiFi a la cruïlla del carrer de Joan Güell amb Joaquim Molins,Les Corts,les Corts,"C Joan Güell, 210"
P001,Internet i comunicacions,WiFi BCN,Punt de connexió Barcelona WiFi a la Ronda Litoral amb el Parc del Fòrum,Sant Martí,Diagonal Mar i el Front Marítim del Poblenou,"Pg Garcia Fària, 99"
P001,Internet i comunicacions,WiFi BCN,Centre Cívic  Parc - Sandaru,Sant Martí,el Parc i la Llacuna del Poblenou,"C Buenaventura Muñoz, 21"
P001,Internet i comunicacions,WiFi BCN,Punt de connexió Barcelona WiFi a la cruïlla del carrer Via Augusta amb Madrazo,Sarrià-Sant Gervasi,Sant Gervasi - Galvany,"Via Augusta, 91"
P001,Internet i comunicacions,WiFi BCN,Punt de connexió Barcelona WiFi a la cruïlla del carrer Creu Coberta 104  amb Moianés,Sants-Montjuïc,Hostafrancs,"C Creu Coberta, 104"
P001,Internet i comunicacions,WiFi BCN,Parc de l'Estació del Nord,Eixample,el Fort Pienc,"C Nàpols, 70"
P001,Internet i comunicacions,WiFi BCN,Punt de connexió Barcelona WiFi a la cruïlla de l'Avinguda Josep Vicenç Foix amb Trinquet,Sarrià-Sant Gervasi,Sarrià,"Av J V Foix, 76"
P001,Internet i comunicacions,WiFi BCN,Centre Cívic Trinitat Vella,Sant Andreu,la Trinitat Vella,"C Foradada, 36*38"
P001,Internet i comunicacions,WiFi BCN,Punt de connexió Barcelona WiFi a la cruïlla del carrer Via Augusta 226 amb Calvet,Sarrià-Sant Gervasi,Sant Gervasi - Galvany,"Via Augusta, 226"
P001,Internet i comunicacions,WiFi BCN,Punt de connexió Barcelona WiFi a la cruïlla del Passeig Maragall amb c. de Sant Antoni Maria Claret,Sant Martí,el Camp de l'Arpa del Clot,"Pg Maragall, 54"
P001,Internet i comunicacions,WiFi BCN,Casal de Gent Gran Parc del Guinardó,Horta-Guinardó,el Guinardó,"C Garriga i Roca, 62*64"
P001,Internet i comunicacions,WiFi BCN,Punt de connexió Barcelona WiFi a la cruïlla del carrer Lope de Vega amb Llull,Sant Martí,el Poblenou,"C Lope de Vega, 72"
P001,Internet i comunicacions,WiFi BCN,Estació d'Autobusos Barcelona Nord,Eixample,el Fort Pienc,"C Alí Bei, 80"
P001,Internet i comunicacions,WiFi BCN,Centre Cívic Can Felipa - Poblenou,Sant Martí,el Poblenou,"C Pallars, 277"
P001,Internet i comunicacions,WiFi BCN,Punt de connexió Barcelona WiFi a la cruïlla del carrer Bac de Roda amb la Ronda del Litoral,Sant Martí,Diagonal Mar i el Front Marítim del Poblenou,"C Bac de Roda, 2"
P001,Internet i comunicacions,WiFi BCN,Punt de connexió Barcelona WiFi a la cruïlla del carrer Numància amb el carrer Flos i Calçat,Les Corts,les Corts,"C Numància, 185"
P001,Internet i comunicacions,WiFi BCN,Punt de connexió Barcelona WiFi a la cruïlla del carrer Balmes amb Diputació,Eixample,la Dreta de l'Eixample,"C Balmes, 32"
P001,Internet i comunicacions,WiFi BCN,Punt de connexió Barcelona WiFi a la cruïlla de La Rambla amb la Plaça del Teatre,Ciutat Vella,el Raval,"C la Rambla, 27"
P001,Internet i comunicacions,WiFi BCN,Punt de connexió Barcelona WiFi a la cruïlla del carrer Comte d'Urgell amb c.  del Consell de Cent,Eixample,la Nova Esquerra de l'Eixample,"C Comte d'Urgell, 93"
P001,Internet i comunicacions,WiFi BCN,Punt de connexió Barcelona WiFi a la cruïlla del carrer Marina amb Aragó,Eixample,la Sagrada Família,"C Aragó, 435"
P001,Internet i comunicacions,WiFi BCN,"Punt de connexió Barcelona WiFi al carrer Lepant, 387",Horta-Guinardó,el Baix Guinardó,"C Lepant, 387"
P001,Internet i comunicacions,WiFi BCN,Centre de Serveis Socials Nova Esquerra de l'Eixample,Eixample,la Nova Esquerra de l'Eixample,"C Comte Borrell, 305"
P001,Internet i comunicacions,WiFi BCN,Punt de connexió Barcelona WiFi a la cruïlla del carrer Lope de Vega amb el Passeig Garcia Faria,Sant Martí,Diagonal Mar i el Front Marítim del Poblenou,"C Lope de Vega, 2"
P001,Internet i comunicacions,WiFi BCN,Punt de connexió Barcelona WiFi a la cruïlla del carrer Indústria amb carrer del Dos de Maig,Eixample,la Sagrada Família,"C Indústria, 196"
P001,Internet i comunicacions,WiFi BCN,Punt de connexió Barcelona WiFi a la cruïlla del carrer Comerç amb Fusina,Ciutat Vella,"Sant Pere, Santa Caterina i la Ribera","C Comerç, 25"
P001,Internet i comunicacions,WiFi BCN,Centre Cívic  Parc - Sandaru-Sales d'Us Polivalent,Sant Martí,el Parc i la Llacuna del Poblenou,"C Buenaventura Muñoz, 21"
P001,Internet i comunicacions,WiFi BCN,Punt de connexió Barcelona WiFi a la cruïlla del carrer Mallorca amb carrer de Roger de Flor,Eixample,la Dreta de l'Eixample,"C Mallorca, 342"
P001,Internet i comunicacions,WiFi BCN,Punt de connexió Barcelona WiFi a la cruïlla de l'Av. del Paral·lel amb Vilamarí,Eixample,Sant Antoni,"Av Paral.lel, 182"
P001,Internet i comunicacions,WiFi BCN,Punt de connexió Barcelona WiFi a la cruïlla de Rambla de Catalunya amb València,Eixample,la Dreta de l'Eixample,"Rbla Catalunya, 72"
P001,Internet i comunicacions,WiFi BCN,Punt de connexió Barcelona WiFi a la cruïlla del carrer Espanya Industrial amb Creu coberta,Sants-Montjuïc,Sants,"C Espanya Industrial, 1"
P001,Internet i comunicacions,WiFi BCN,Punt de connexió Barcelona WiFi a la cruïlla de l'Av. Josep Tarradellas amb Numància,Sants-Montjuïc,Sants,"C Viriat, 53"
P001,Internet i comunicacions,WiFi BCN,Punt de connexió Barcelona WiFi a la cruïlla del carrer Muntaner amb carrer Calaf,Sarrià-Sant Gervasi,Sant Gervasi - Galvany,"C Muntaner, 331"
P001,Internet i comunicacions,WiFi BCN,Parc de Joan Miró,Eixample,la Nova Esquerra de l'Eixample,"C Aragó, 2"
P001,Internet i comunicacions,WiFi BCN,Punt de connexió Barcelona WiFi a la cruïlla del carrer Camèlies amb França,Horta-Guinardó,el Baix Guinardó,"C Camèlies, 101"
P001,Internet i comunicacions,WiFi BCN,Casal de Barri La Pau - Piramidón,Sant Martí,la Verneda i la Pau,"Pere Vergés, 1"
P001,Internet i comunicacions,WiFi BCN,Centre Cívic Matas i Ramis-Aules de Cultura per la Gent Gran,Horta-Guinardó,Horta,"Feliu i Codina, 20"
P001,Internet i comunicacions,WiFi BCN,Punt de connexió Barcelona WiFi a la cruïlla del carrer del Dos de Maig amb Rosselló,Eixample,la Sagrada Família,"C Dos de Maig, 285"
P001,Internet i comunicacions,WiFi BCN,Sala Ciutat,Ciutat Vella,el Barri Gòtic,"C Ciutat, 2"
P001,Internet i comunicacions,WiFi BCN,Punt de connexió Barcelona WiFi a la cruïlla de la Rambla del Poblenou amb Pere IV,Sant Martí,el Poblenou,"Rbla Poblenou, 120"
P001,Internet i comunicacions,WiFi BCN,Punt de connexió Barcelona WiFi al carrer Sabino de Arana,Les Corts,la Maternitat i Sant Ramon,"C Sabino Arana, 1"
P001,Internet i comunicacions,WiFi BCN,Centre Esportiu Municipal Trinitat Vella,Sant Andreu,la Trinitat Vella,"Via Bàrcino, 84*86"
P001,Internet i comunicacions,WiFi BCN,Punt de connexió Barcelona WiFi a la cruïlla de Josep Pla amb Passeig Taulat,Sant Martí,Diagonal Mar i el Front Marítim del Poblenou,"Pg Taulat, 283"
P001,Internet i comunicacions,WiFi BCN,Punt de connexió Barcelona WiFi a la cruïlla del c. Sant Ramon de Penyafort amb el c. Rull,Sant Martí,el Besòs i el Maresme,"C Llull, 419"
P001,Internet i comunicacions,WiFi BCN,Punt de connexió Barcelona WiFi a la cruïlla dels carrers Calàbria amb carrer Rosselló,Eixample,la Nova Esquerra de l'Eixample,"C Calàbria, 228"
P001,Internet i comunicacions,WiFi BCN,Centre Esportiu Municipal Olímpics Vall Hebron,Horta-Guinardó,la Vall d'Hebron,"Pg Vall d'Hebron, 166*176"
P001,Internet i comunicacions,WiFi BCN,Punt de connexió Barcelona WiFi a la cruïlla del carrer del Consell de Cent amb carrer Girona,Eixample,la Dreta de l'Eixample,"C Consell de Cent, 372"
P001,Internet i comunicacions,WiFi BCN,Punt de connexió Barcelona WiFi a la cruïlla dels carrers Rocafort amb Diputació,Eixample,la Nova Esquerra de l'Eixample,"C Rocafort, 101"
P001,Internet i comunicacions,WiFi BCN,Museu de Ciències Naturals de Barcelona - Museu Martorell,Ciutat Vella,"Sant Pere, Santa Caterina i la Ribera","Pg Picasso, 9*11"
P001,Internet i comunicacions,WiFi BCN,Punt de connexió Barcelona WiFi a la cruïlla de Bac de Roda amb el Passeig Taulat,Sant Martí,el Poblenou,"Pg Taulat, 205"
P001,Internet i comunicacions,WiFi BCN,Punt de connexió Barcelona WiFi a la cruïlla del carrer Moianés amb Ctra de la Bordeta,Sants-Montjuïc,Hostafrancs,"C Moianès, 42"
P001,Internet i comunicacions,WiFi BCN,Punt de connexió Barcelona WiFi a la cruïlla dels carrers Calàbria amb Sepúlveda,Eixample,Sant Antoni,"C Sepúlveda, 82"
P001,Internet i comunicacions,WiFi BCN,Punt de connexió Barcelona WiFi a la Plaça Molina,Sarrià-Sant Gervasi,Sant Gervasi - Galvany,"Pl Molina, 5"
P001,Internet i comunicacions,WiFi BCN,Punt de connexió Barcelona WiFi a la cruïlla dels carrers Rocafort amb carrer Còrsega,Eixample,la Nova Esquerra de l'Eixample,"C Rocafort, 245"
P001,Internet i comunicacions,WiFi BCN,Punt de connexió Barcelona WiFi a Pla de Palau,Ciutat Vella,"Sant Pere, Santa Caterina i la Ribera","Pla Palau, 9999"
P001,Internet i comunicacions,WiFi BCN,Punt de connexió Barcelona WiFi a la cruïlla del carrer Modolell amb Via Augusta,Sarrià-Sant Gervasi,Sant Gervasi - Galvany,"C Modolell, 17"
P001,Internet i comunicacions,WiFi BCN,Punt de connexió Barcelona WiFi a la cruïlla del carrer Bilbao amb Pere IV,Sant Martí,el Poblenou,"C Bilbao, 123"
P001,Internet i comunicacions,WiFi BCN,Centre Cívic El Coll - La Bruguera-Casal de Joves del Coll,Gràcia,el Coll,"Duran i Borrell, 24"
P001,Internet i comunicacions,WiFi BCN,Punt de connexió Barcelona WiFi a la cruïlla dels carrers Entença amb Sepúlveda,Eixample,Sant Antoni,"C Sepúlveda, 41"
P001,Internet i comunicacions,WiFi BCN,Punt de connexió Barcelona WiFi a la cruïlla del carrer Numància amb Avinguda Diagonal,Les Corts,les Corts,"C Numància, 173"
P001,Internet i comunicacions,WiFi BCN,Punt de connexió Barcelona WiFi a la cruïlla del carrer Via Augusta 365 amb Institut Químic,Sarrià-Sant Gervasi,Sarrià,"Via Augusta, 365"
P001,Internet i comunicacions,WiFi BCN,Punt de connexió Barcelona WiFi a la cruïlla del carrer Marià Aguiló amb Pujades,Sant Martí,el Poblenou,"C Marià Aguiló, 54"
P001,Internet i comunicacions,WiFi BCN,Punt de connexió Barcelona WiFi a la cruïlla del carrer Casanova amb carrer Rosselló,Eixample,l'Antiga Esquerra de l'Eixample,"C Casanova, 145"
P001,Internet i comunicacions,WiFi BCN,Platja de la Barceloneta,Ciutat Vella,la Barceloneta,"Pg Marítim Barceloneta, 14"
P001,Internet i comunicacions,WiFi BCN,Punt de connexió Barcelona WiFi a la cruïlla del carrer Provença amb Marina,Eixample,la Sagrada Família,"C Provença, 443"
P001,Internet i comunicacions,WiFi BCN,Punt de connexió Barcelona WiFi a la cruïlla del carrer Selva de Mar amb el Passeig Garcia Faria,Sant Martí,Diagonal Mar i el Front Marítim del Poblenou,"C Selva de Mar, 1"
P001,Internet i comunicacions,WiFi BCN,Centre Cívic Casa Golferichs,Eixample,la Nova Esquerra de l'Eixample,"G.V. Corts Catalanes, 491"
P001,Internet i comunicacions,WiFi BCN,Espai de Gent Gran Maria Aurèlia Capmany,Eixample,l'Antiga Esquerra de l'Eixample,"Enric Granados, 47"
P001,Internet i comunicacions,WiFi BCN,Punt de connexió Barcelona WiFi a la cruïlla del carrer Ferrater i Mora amb el Passeig del Taulat,Sant Martí,Diagonal Mar i el Front Marítim del Poblenou,"Pg Taulat, 158"
P001,Internet i comunicacions,WiFi BCN,Punt de connexió Barcelona WiFi a la cruïlla de la Via Laietana amb el carrer Julià Portet,Ciutat Vella,el Barri Gòtic,"Via Laietana, 43"
P001,Internet i comunicacions,WiFi BCN,Punt de connexió Barcelona WiFi a la cruïlla del carrer Rosselló amb carrer Castillejos,Eixample,la Sagrada Família,"C Rosselló, 479"
P001,Internet i comunicacions,WiFi BCN,Punt de connexió Barcelona WiFi a la cruïlla del carrer Santa Caterina i el Passeig de Sant Antoni,Sants-Montjuïc,Sants,"Pg Sant Antoni, 39"
P001,Internet i comunicacions,WiFi BCN,Centre Esportiu Municipal  Colom,Ciutat Vella,el Barri Gòtic,"C la Rambla, 18"
P001,Internet i comunicacions,WiFi BCN,Centre Esportiu Municipal Aiguajoc Borrell,Eixample,Sant Antoni,"C Comte Borrell, 21*33"
P001,Internet i comunicacions,WiFi BCN,Punt de connexió Barcelona WiFi a la cruïlla de la Rambla del Poblenou amb el carrer Pujades,Sant Martí,el Poblenou,"Rbla Poblenou, 88"
P001,Internet i comunicacions,WiFi BCN,Punt de connexió Barcelona WiFi a la cruïlla del carrer Aragó amb carrer Cartagena,Eixample,la Sagrada Família,"C Aragó, 525"
P001,Internet i comunicacions,WiFi BCN,Punt de connexió Barcelona WiFi a la cruïlla del carrer de Ganduxer amb Via Augusta,Sarrià-Sant Gervasi,Sant Gervasi - Galvany,"C Ganduxer, 65"
P001,Internet i comunicacions,WiFi BCN,Punt de connexió Barcelona WiFi a la cruïlla del carrer Rosari amb Via Augusta,Sarrià-Sant Gervasi,les Tres Torres,"C Rosari, 44"
P001,Internet i comunicacions,WiFi BCN,Centre Cultural Can Fabra,Sant Andreu,Sant Andreu,"C Segre, 24*32"
P001,Internet i comunicacions,WiFi BCN,Casal de Barri de Vallbona,Nou Barris,Vallbona,"C Oristà, 8*10"
P001,Internet i comunicacions,WiFi BCN,Punt de connexió Barcelona WiFi a la cruïlla del carrer Rosselló amb carrer Girona,Eixample,la Dreta de l'Eixample,"C Rosselló, 307"
P001,Internet i comunicacions,WiFi BCN,Punt de connexió Barcelona WiFi a la cruïlla del carrer Villaroel amb carrer Paris,Eixample,l'Antiga Esquerra de l'Eixample,"C Villarroel, 186"
P001,Internet i comunicacions,WiFi BCN,Centre Cívic Torre Llobeta,Nou Barris,Vilapicina i la Torre Llobeta,"C Santa Fe, 2*LB"
P001,Internet i comunicacions,WiFi BCN,Punt de connexió Barcelona WiFi a la cruïlla del c. Vilamarí amb la Gran Via de les Corts Catalanes,Eixample,la Nova Esquerra de l'Eixample,"G.V. Corts Catalanes, 403"
P001,Internet i comunicacions,WiFi BCN,Punt de connexió Barcelona WiFi a la cruïlla del carrer Provençals amb Passeig del Taulat,Sant Martí,Diagonal Mar i el Front Marítim del Poblenou,"C Provençals, 11"
P001,Internet i comunicacions,WiFi BCN,"Punt de connexió Barcelona WiFi al carrer Felip II, 212",Sant Andreu,el Congrés i els Indians,"C Felip II, 212"
P001,Internet i comunicacions,WiFi BCN,Punt de connexió Barcelona WiFi a la cruïlla del carrer Felip II amb la Plaça del Doctor Modrego,Sant Andreu,el Congrés i els Indians,"Pl Doctor Modrego, 3"
P001,Internet i comunicacions,WiFi BCN,Casal de Gent Gran Platja d'Aro,Nou Barris,la Trinitat Nova,"C Platja d'Aro, 6"
P001,Internet i comunicacions,WiFi BCN,Punt de connexió Barcelona WiFi a la cruïlla del Passeig de Gràcia amb el carrer Aragó,Eixample,la Dreta de l'Eixample,"Pg Gràcia, 54"
P001,Internet i comunicacions,WiFi BCN,Oficina d'Atenció Ciutadana del Districte de l'Eixample,Eixample,la Dreta de l'Eixample,"C Aragó, 328"
P001,Internet i comunicacions,WiFi BCN,Punt de connexió Barcelona WiFi a la cruïlla del carrer Sardenya amb carrer València,Eixample,la Sagrada Família,"C Sardenya, 267"
P001,Internet i comunicacions,WiFi BCN,Jardins d'Aclimatació de Montjuïc,Sants-Montjuïc,el Poble Sec,"Av Estadi, 42*48"
P001,Internet i comunicacions,WiFi BCN,Punt de connexió Barcelona WiFi a la cruïlla de la Rambla de Prat amb el carrer Gran de Gràcia,Gràcia,la Vila de Gràcia,"Rbla Prat, 1"
P001,Internet i comunicacions,WiFi BCN,Punt de connexió Barcelona WiFi a la cruïlla del carrer Via Augusta amb carrer Luis Antúnez,Sarrià-Sant Gervasi,Sant Gervasi - Galvany,"Via Augusta, 35"
P001,Internet i comunicacions,WiFi BCN,Punt de connexió Barcelona WiFi a la cruïlla del Passeig de Gràcia amb el carrer Sèneca,Gràcia,la Vila de Gràcia,"Pg Gràcia, 129"
P001,Internet i comunicacions,WiFi BCN,Punt de connexió Barcelona WiFi a la cruïlla del carrer Casanova amb carrer del Consell de Cent,Eixample,l'Antiga Esquerra de l'Eixample,"C Casanova, 74"
P001,Internet i comunicacions,WiFi BCN,Punt de connexió Barcelona WiFi a la cruïlla del carrer Roger de Flor amb Trav. de Gràcia,Gràcia,el Camp d'en Grassot i Gràcia Nova,"C Roger de Flor, 336"
P001,Internet i comunicacions,WiFi BCN,Centre Cívic Baró de Viver,Sant Andreu,Baró de Viver,"C Quito, 8*10"
P001,Internet i comunicacions,WiFi BCN,Centre Cultural La Farinera del Clot-Teatre,Sant Martí,el Clot,"G.V. Corts Catalanes, 837"
P001,Internet i comunicacions,WiFi BCN,Park Güell,Gràcia,la Salut,"C Olot, 7"
P001,Internet i comunicacions,WiFi BCN,"Punt de connexió Barcelona WiFi a la cruïlla del Passeig Maragall, 101  amb Xiprer",Horta-Guinardó,el Guinardó,"Pg Maragall, 101"
P001,Internet i comunicacions,WiFi BCN,Espai Antoni Miró Peris,Sant Martí,el Camp de l'Arpa del Clot,"Pl Carme Montoriol, 10"
P001,Internet i comunicacions,WiFi BCN,Centre Cívic Casa Orlandai,Sarrià-Sant Gervasi,Sarrià,"C Jaume Piquet, 23"
P001,Internet i comunicacions,WiFi BCN,Punt de connexió Barcelona WiFi a la cruïlla del carrer Vilamarí amb l'Avinguda de Roma,Eixample,la Nova Esquerra de l'Eixample,"C Vilamarí, 89"
P001,Internet i comunicacions,WiFi BCN,Casal de Gent Gran Can Novell,Les Corts,les Corts,"C Caballero, 29"
P001,Internet i comunicacions,WiFi BCN,Punt de connexió Barcelona WiFi a la cruïlla del carrer Via Augusta amb carrer Demestre,Sarrià-Sant Gervasi,les Tres Torres,"Via Augusta, 316"
P001,Internet i comunicacions,WiFi BCN,Casal de Gent Gran Joan Maragall,Sant Martí,el Besòs i el Maresme,"C Bermejo, 1*5"
P001,Internet i comunicacions,WiFi BCN,Punt de connexió Barcelona WiFi a la cruïlla del carrer Sant Roc amb la Gran Via Corts Catalanes,Sants-Montjuïc,la Font de la Guatlla,"G.V. Corts Catalanes, 304"
P001,Internet i comunicacions,WiFi BCN,Punt de connexió Barcelona WiFi a la cruïlla del carrer Mare de Déu del Coll amb el carrer Maignon,Gràcia,la Salut,"C Mare de Déu del Coll, 10"
P001,Internet i comunicacions,WiFi BCN,Punt de connexió Barcelona WiFi a la cruïlla de l 'Av. Marquès de l'Argentera amb el carrer Comerç,Ciutat Vella,"Sant Pere, Santa Caterina i la Ribera","Av Marquès de l'Argentera, 13"
P001,Internet i comunicacions,WiFi BCN,Oficina d'Atenció Ciutadana del Districte de Sant Martí,Sant Martí,el Clot,"Pl Valentí Almirall, 1"
P001,Internet i comunicacions,WiFi BCN,Punt de connexió Barcelona WiFi a la cruïlla del carrer Aribau amb l'Avinguda Diagonal,Eixample,l'Antiga Esquerra de l'Eixample,"Av Diagonal, 433"
P001,Internet i comunicacions,WiFi BCN,Punt de connexió Barcelona WiFi a la cruïlla del carrer Santaló amb carrer Rector Ubach,Sarrià-Sant Gervasi,Sant Gervasi - Galvany,"C Santaló, 87"
P001,Internet i comunicacions,WiFi BCN,Punt de connexió Barcelona WiFi a la cruïlla del carrer Vergós amb carrer Rafael Batlle,Sarrià-Sant Gervasi,Sarrià,"C Vergós, 52"
P001,Internet i comunicacions,WiFi BCN,Punt de connexió Barcelona WiFi a la cruïlla del Passeig de Sant Joan amb el carrer Diputació,Eixample,la Dreta de l'Eixample,"Pg Sant Joan, 39"
P001,Internet i comunicacions,WiFi BCN,Punt de connexió Barcelona WiFi a la cruïlla del carrer Balmes amb Provença,Eixample,l'Antiga Esquerra de l'Eixample,"C Balmes, 119"
P001,Internet i comunicacions,WiFi BCN,Punt de connexió Barcelona WiFi a la cruïlla del carrer Caravel·la La Niña amb Avinguda Diagonal,Les Corts,les Corts,"Av Diagonal, 545"
P001,Internet i comunicacions,WiFi BCN,Punt de connexió Barcelona WiFi a la cruïlla del Passeig de Gràcia amb el carrer Provença,Eixample,la Dreta de l'Eixample,"Pg Gràcia, 90"
P001,Internet i comunicacions,WiFi BCN,Punt de connexió Barcelona WiFi a la cruïlla del carrer Vallmajor amb Via Augusta,Sarrià-Sant Gervasi,Sant Gervasi - Galvany,"Via Augusta, 205"
P001,Internet i comunicacions,WiFi BCN,Casal de Gent Gran Bon Pastor,Sant Andreu,el Bon Pastor,"Pg Mollerussa, 3"
P001,Internet i comunicacions,WiFi BCN,Punt de connexió Barcelona WiFi a la cruïlla del carrer Vergós amb Plaça Artós,Sarrià-Sant Gervasi,les Tres Torres,"C Vergós, 67"
P001,Internet i comunicacions,WiFi BCN,Punt de connexió Barcelona WiFi a la cruïlla de l'Avinguda Paral·lel amb Portal de Santa Madrona,Sants-Montjuïc,el Poble Sec,"Av Paral.lel, 29"
P001,Internet i comunicacions,WiFi BCN,Punt de connexió Barcelona WiFi a la cruïlla del carrer Via Augusta amb Pg. de la Bonanova,Sarrià-Sant Gervasi,Sarrià,"Via Augusta, 354"
P001,Internet i comunicacions,WiFi BCN,Punt de connexió Barcelona WiFi a la cruïlla del carrer Alcolea amb el Pg. de Sant Antoni,Sants-Montjuïc,Sants,"C Alcolea, 22"
P001,Internet i comunicacions,WiFi BCN,Centre Esportiu Municipal de la Verneda,Sant Martí,la Verneda i la Pau,"C Binèfar, 10*14"
P001,Internet i comunicacions,WiFi BCN,L'Auditori de Barcelona,Eixample,el Fort Pienc,"C Lepant, 150"
P001,Internet i comunicacions,WiFi BCN,Punt de connexió Barcelona WiFi a la cruïlla de l'Avinguda Diagonal amb Via Augusta,Eixample,la Dreta de l'Eixample,"Av Diagonal, 407"
P001,Internet i comunicacions,WiFi BCN,Ludoteca Maria Gràcia Pont,Sant Martí,el Poblenou,"Rbla Poblenou, 77*91"
P001,Internet i comunicacions,WiFi BCN,Punt de connexió Barcelona WiFi a la cruïlla del carrer Santa Rosa amb el carrer Gran de Gràcia,Gràcia,la Vila de Gràcia,"C Santa Rosa, 9"
P001,Internet i comunicacions,WiFi BCN,Punt de connexió Barcelona WiFi a la cruïlla dels carrers Calàbria amb Mallorca,Eixample,la Nova Esquerra de l'Eixample,"C Calàbria, 189"
P001,Internet i comunicacions,WiFi BCN,Centre Esportiu Municipal Sant Andreu - La Sagrera,Sant Andreu,Sant Andreu,"C Santa Coloma, 25"
P001,Internet i comunicacions,WiFi BCN,Punt de connexió Barcelona WiFi a la cruïlla dels carrers Comte Borrell amb Floridablanca,Eixample,Sant Antoni,"C Comte Borrell, 97"
P001,Internet i comunicacions,WiFi BCN,Punt de connexió Barcelona WiFi a la cruïlla del carrer Via Augusta amb carrer Pau Alcover,Sarrià-Sant Gervasi,les Tres Torres,"Via Augusta, 320"
P001,Internet i comunicacions,WiFi BCN,Punt de connexió Barcelona WiFi a la cruïlla del carrer Pas Sota Muralla amb el Passeig d'Isabel II,Ciutat Vella,"Sant Pere, Santa Caterina i la Ribera","Pas Sota Muralla, 1"
P001,Internet i comunicacions,WiFi BCN,Punt de connexió Barcelona WiFi a la cruïlla del carrer Felip II amb Puerto Príncipe,Sant Andreu,el Congrés i els Indians,"C Felip II, 163"
P001,Internet i comunicacions,WiFi BCN,Punt de connexió Barcelona WiFi a la cruïlla del carrer Conca amb el Passeig Maragall,Sant Martí,el Camp de l'Arpa del Clot,"C Freser, 136"
P001,Internet i comunicacions,WiFi BCN,Punt de connexió Barcelona WiFi a la cruïlla de l'Av. Paral·lel amb Teodor Bonaplata,Sants-Montjuïc,el Poble Sec,"Av Paral.lel, 135"
P001,Internet i comunicacions,WiFi BCN,Centre Cívic Sagrada Família,Eixample,la Sagrada Família,"C Provença, 480"
P001,Internet i comunicacions,WiFi BCN,Punt de connexió Barcelona WiFi a la cruïlla dels carrers Vilamarí amb carrer Aragó,Eixample,la Nova Esquerra de l'Eixample,"C Vilamarí, 61"
P001,Internet i comunicacions,WiFi BCN,Punt de connexió Barcelona WiFi a la cruïlla del Pg. de la Bonanova amb carrer d'Anglí,Sarrià-Sant Gervasi,Sarrià,"Pg Bonanova, 86"
P001,Internet i comunicacions,WiFi BCN,Punt de connexió Barcelona WiFi a la cruïlla de la Ronda de Sant Pere amb el Passeig de Gràcia,Eixample,la Dreta de l'Eixample,"Rda Sant Pere, 1"
P001,Internet i comunicacions,WiFi BCN,Consell Municipal del Districte de Ciutat Vella,Ciutat Vella,el Raval,"Pl Bonsuccés, 3"
P001,Internet i comunicacions,WiFi BCN,Punt de connexió Barcelona WiFi a la cruïlla de la Rambla del Poblenou amb el carrer Ramón Turró,Sant Martí,el Poblenou,"Rbla Poblenou, 42"
P001,Internet i comunicacions,WiFi BCN,Punt de connexió Barcelona WiFi a la cruïlla del carrer Numància amb carrer Marques de Setmenat,Les Corts,les Corts,"C Numància, 84"
P001,Internet i comunicacions,WiFi BCN,Punt de connexió Barcelona WiFi a la cruïlla del carrer Josep Pla amb Avinguda Diagonal,Sant Martí,el Besòs i el Maresme,"C Josep Pla, 34"
P001,Internet i comunicacions,WiFi BCN,Centre Esportiu Municipal Vintró,Sant Martí,el Clot,"Consell de Cent, 623*629"
P001,Internet i comunicacions,WiFi BCN,Oficina d'Atenció Ciutadana del Districte de Sants - Montjuïc,Sants-Montjuïc,Hostafrancs,"Creu Coberta, 104"
P001,Internet i comunicacions,WiFi BCN,Punt de connexió Barcelona WiFi a la cruïlla del carrer de Tavern amb carrer Via Augusta,Sarrià-Sant Gervasi,Sant Gervasi - Galvany,"C Tavern, 40"
P001,Internet i comunicacions,WiFi BCN,Punt de connexió Barcelona WiFi a la cruïlla del carrer d'Enric Granados amb carrer Provença,Eixample,l'Antiga Esquerra de l'Eixample,"C Enric Granados, 77"
P001,Internet i comunicacions,WiFi BCN,Punt de connexió Barcelona WiFi a la cruïlla de la Ronda Guinardo amb Edifici d'aigua,Horta-Guinardó,el Baix Guinardó,"Rda Guinardó, 51"
P001,Internet i comunicacions,WiFi BCN,Punt de connexió Barcelona WiFi a la cruïlla de carrer del Mas Casanovas amb carrer Padilla,Horta-Guinardó,el Baix Guinardó,"C Mas Casanovas, 18"
P001,Internet i comunicacions,WiFi BCN,Biblioteca Vilapicina i la Torre Llobeta,Nou Barris,Vilapicina i la Torre Llobeta,"Pl Carmen Laforet, 11"
P001,Internet i comunicacions,WiFi BCN,Punt de connexió Barcelona WiFi a la cruïlla dels carrers Rocafort amb Rosselló,Eixample,la Nova Esquerra de l'Eixample,"C Rocafort, 227"
P001,Internet i comunicacions,WiFi BCN,Punt de connexió Barcelona WiFi a la cruïlla dels carrers Viladomat amb Londres,Eixample,la Nova Esquerra de l'Eixample,"C Viladomat, 303"
P001,Internet i comunicacions,WiFi BCN,Punt de connexió Barcelona WiFi a la cruïlla del carrer Llacuna amb l'Avinguda Diagonal,Sant Martí,el Parc i la Llacuna del Poblenou,"C Llacuna, 129"
P001,Internet i comunicacions,WiFi BCN,Punt de connexió Barcelona WiFi a la cruïlla del carrer Brusi amb Via Augusta,Sarrià-Sant Gervasi,Sant Gervasi - Galvany,"C Brusi, 56"
P001,Internet i comunicacions,WiFi BCN,Punt de connexió Barcelona WiFi a la cruïlla del Pg Colom amb el Ptge del Dormitori de Sant Francesc,Ciutat Vella,el Barri Gòtic,"Pg Colom, 22"
P001,Internet i comunicacions,WiFi BCN,Punt de connexió Barcelona WiFi a la cruïlla del carrer Sardenya amb Provença,Eixample,la Sagrada Família,"C Sardenya, 301"
P001,Internet i comunicacions,WiFi BCN,Punt de connexió Barcelona WiFi a la cruïlla del carrer Villaroel amb carrer València,Eixample,l'Antiga Esquerra de l'Eixample,"C Villarroel, 128"
P001,Internet i comunicacions,WiFi BCN,Punt de connexió Barcelona WiFi a la cruïlla de Rambla de Catalunya amb Mallorca,Eixample,la Dreta de l'Eixample,"Rbla Catalunya, 88"
P001,Internet i comunicacions,WiFi BCN,Punt de connexió Barcelona WiFi a la cruïlla del carrer Roger de Llúria amb carrer València,Eixample,la Dreta de l'Eixample,"C Roger de Llúria, 89"
P001,Internet i comunicacions,WiFi BCN,Espai Jove Garcilaso-Sala d'Estudi Garcilaso,Sant Andreu,la Sagrera,"C Garcilaso, 103"
P001,Internet i comunicacions,WiFi BCN,Centre Cívic Cotxeres de Sants-Sala d'Actes,Sants-Montjuïc,Sants,"Pl Bonet i Muixí, 7"
P001,Internet i comunicacions,WiFi BCN,Punt de connexió Barcelona WiFi a la cruïlla del carrer Pau Claris amb Diputació,Eixample,la Dreta de l'Eixample,"C Pau Claris, 110"
P001,Internet i comunicacions,WiFi BCN,Punt de connexió Barcelona WiFi a la cruïlla del c. Comte d'Urgell amb la G. V. Corts Catalanes,Eixample,Sant Antoni,"C Comte d'Urgell, 57"
P001,Internet i comunicacions,WiFi BCN,Punt de connexió Barcelona WiFi a la cruïlla de l'Avinguda Diagonal amb Roger de Llúria,Eixample,la Dreta de l'Eixample,"Av Diagonal, 363"
P001,Internet i comunicacions,WiFi BCN,Parc de l'Espanya Industrial,Sants-Montjuïc,Sants,"C Muntadas, 1*37"
P001,Internet i comunicacions,WiFi BCN,Casal de Barri Can Baró - El Pirineu,Horta-Guinardó,Can Baró,"C Josep Serrano, 59*71"
P001,Internet i comunicacions,WiFi BCN,Centre Cívic La Sedeta,Gràcia,el Camp d'en Grassot i Gràcia Nova,"C Sicília, 321"
P001,Internet i comunicacions,WiFi BCN,Casal de Barri Torre Baró,Nou Barris,Torre Baró,"Av Escolapi Càncer, 35*37"
P001,Internet i comunicacions,WiFi BCN,Centre Cívic  Teixonera,Horta-Guinardó,la Teixonera,"C Arenys, 75"
P001,Internet i comunicacions,WiFi BCN,Punt de connexió Barcelona WiFi a la cruïlla del carrer Marina amb Mallorca,Eixample,la Sagrada Família,"C Mallorca, 422"
P001,Internet i comunicacions,WiFi BCN,Punt de connexió Barcelona WiFi a la cruïlla del carrer Espronceda amb Passeig Taulat,Sant Martí,el Poblenou,"Pg Taulat, 191"
P001,Internet i comunicacions,WiFi BCN,Punt de connexió Barcelona WiFi a l'Avinguda Diagonal a prop l'edifici de La Caixa,Les Corts,la Maternitat i Sant Ramon,"Av Diagonal, 629"
P001,Internet i comunicacions,WiFi BCN,Centre Cultural La Farinera del Clot,Sant Martí,el Clot,"G.V. Corts Catalanes, 837"
P001,Internet i comunicacions,WiFi BCN,Punt de connexió Barcelona WiFi a la cruïlla de la Rambla Prim amb el carrer Llull,Sant Martí,el Besòs i el Maresme,"C Llull, 404"
P001,Internet i comunicacions,WiFi BCN,Casal de Barri Congrés-Indians,Sant Andreu,el Congrés i els Indians,"C Manigua, 25*35"
P001,Internet i comunicacions,WiFi BCN,Punt de connexió Barcelona WiFi a la cruïlla de l'Avinguda Marquès d'Argentera amb Pescateria,Ciutat Vella,"Sant Pere, Santa Caterina i la Ribera","C Pescateria, 9"
P001,Internet i comunicacions,WiFi BCN,Punt de connexió Barcelona WiFi a la cruïlla del carrer Taxdirt amb Sardenya,Gràcia,el Camp d'en Grassot i Gràcia Nova,"C Taxdirt, 18"
P001,Internet i comunicacions,WiFi BCN,Centre Esportiu Municipal Can Ricart,Ciutat Vella,el Raval,"C Sant Oleguer, 8*10"
P001,Internet i comunicacions,WiFi BCN,Unitat Territorial de la Guàrdia Urbana del Districte de Ciutat Vella,Ciutat Vella,el Raval,"C la Rambla, 43"
P001,Internet i comunicacions,WiFi BCN,Punt de connexió Barcelona WiFi a la cruïlla del carrer Muntaner amb carrer Plató,Sarrià-Sant Gervasi,Sant Gervasi - Galvany,"C Muntaner, 405"
P001,Internet i comunicacions,WiFi BCN,Punt de connexió Barcelona WiFi a la cruïlla dels carrers Viladomat amb carrer Aragó,Eixample,la Nova Esquerra de l'Eixample,"C Viladomat, 179"
P001,Internet i comunicacions,WiFi BCN,Punt de connexió Barcelona WiFi a la cruïlla del carrer Sant Antoni M. Claret amb Cartagena,Eixample,la Sagrada Família,"C Sant Antoni Maria Claret, 216"
P001,Internet i comunicacions,WiFi BCN,Consell de la Joventut Districte Horta-Guinardó,Horta-Guinardó,Horta,"Pl Eivissa, 17"
P001,Internet i comunicacions,WiFi BCN,Punt de connexió Barcelona WiFi a la cruïlla de la Rambla del Poblenou amb Perú,Sant Martí,Provençals del Poblenou,"C Perú, 46"
P001,Internet i comunicacions,WiFi BCN,Punt de connexió Barcelona WiFi a la cruïlla dels carrers Comte d'Urgell amb Floridablanca,Eixample,Sant Antoni,"C Comte d'Urgell, 25"
P001,Internet i comunicacions,WiFi BCN,Centre Esportiu Municipal Bac de Roda,Sant Martí,Sant Martí de Provençals,"Rbla Guipúscoa, 23*25"
P001,Internet i comunicacions,WiFi BCN,Punt de connexió Barcelona WiFi a la cruïlla dels carrers Entença amb carrer València,Eixample,la Nova Esquerra de l'Eixample,"C Entença, 123"
P001,Internet i comunicacions,WiFi BCN,Punt de connexió Barcelona WiFi a la cruïlla del carrer Padilla amb carrer Provença,Eixample,la Sagrada Família,"C Padilla, 265"
P001,Internet i comunicacions,WiFi BCN,Punt de connexió Barcelona WiFi a la cruïlla de la Gran Via de les Corts Catalanes amb Mèxic,Sants-Montjuïc,Hostafrancs,"Ctra Bordeta, 12"
P001,Internet i comunicacions,WiFi BCN,Centre Esportiu Municipal Guinardó,Horta-Guinardó,el Guinardó,"C Telègraf, 31*45"
P001,Internet i comunicacions,WiFi BCN,Punt de connexió Barcelona WiFi a la cruïlla del carrer Villaroel amb carrer Provença,Eixample,l'Antiga Esquerra de l'Eixample,"C Villarroel, 164"
P001,Internet i comunicacions,WiFi BCN,Punt de connexió Barcelona WiFi a la cruïlla del carrer Via Augusta amb Travessera de Gràcia,Sarrià-Sant Gervasi,Sant Gervasi - Galvany,"Via Augusta, 57"
P001,Internet i comunicacions,WiFi BCN,Punt de connexió Barcelona WiFi a la cruïlla del carrer Muntaner amb carrer Descartes,Sarrià-Sant Gervasi,Sant Gervasi - Galvany,"C Muntaner, 391"
P001,Internet i comunicacions,WiFi BCN,Punt de connexió Barcelona WiFi a la cruïlla del carrer Aragó amb carrer Roger de Llúria,Eixample,la Dreta de l'Eixample,"C Aragó, 299"
P001,Internet i comunicacions,WiFi BCN,Punt de connexió Barcelona WiFi a la cruïlla del carrer Numància amb el carrer Anglesola,Les Corts,les Corts,"C Numància, 163"
P001,Internet i comunicacions,WiFi BCN,Centre Esportiu Municipal la Bordeta,Sants-Montjuïc,la Bordeta,"C Noguera Pallaresa, 34*42"
P001,Internet i comunicacions,WiFi BCN,Centre de Cultura Contemporània de Barcelona,Ciutat Vella,el Raval,"C Montalegre, 5"
P001,Internet i comunicacions,WiFi BCN,Punt de connexió Barcelona WiFi a la cruïlla dels carrers Aribau amb carrer Paris,Eixample,l'Antiga Esquerra de l'Eixample,"C Aribau, 167"
P001,Internet i comunicacions,WiFi BCN,Punt de connexió Barcelona WiFi a la cruïlla del carrer Llacuna amb Doctor Trueta,Sant Martí,el Poblenou,"C Llacuna, 9"
P001,Internet i comunicacions,WiFi BCN,Punt de connexió Barcelona WiFi a la cruïlla del carrer Balmes amb Còrsega,Eixample,l'Antiga Esquerra de l'Eixample,"C Balmes, 147"
P001,Internet i comunicacions,WiFi BCN,Punt de connexió Barcelona WiFi a la cruïlla del carrer Mallorca amb carrer de Roger de Llúria,Eixample,la Dreta de l'Eixample,"C Mallorca, 278"
P001,Internet i comunicacions,WiFi BCN,Centre Cívic Sant Martí,Sant Martí,Sant Martí de Provençals,"C Selva de Mar, 215"
P001,Internet i comunicacions,WiFi BCN,Punt de connexió Barcelona WiFi a la cruïlla del carrer Comerç amb el carrer Ribera,Ciutat Vella,"Sant Pere, Santa Caterina i la Ribera","C Ribera, 1"
P001,Internet i comunicacions,WiFi BCN,Punt de connexió Barcelona WiFi a la cruïlla de la Ronda del Guinardó amb Sardenya,Gràcia,el Camp d'en Grassot i Gràcia Nova,"Rda Guinardó, 10"
P001,Internet i comunicacions,WiFi BCN,Punt de connexió Barcelona WiFi a la cruïlla del carrer Lepant amb Indústria,Eixample,la Sagrada Família,"C Lepant, 337"
P001,Internet i comunicacions,WiFi BCN,Punt de connexió Barcelona WiFi a la cruïlla del Passeig de Josep Carner amb la Rbla de Santa Mònica,Ciutat Vella,el Raval,"Pl Portal de la Pau, 1"
P001,Internet i comunicacions,WiFi BCN,Centre Cívic Can Verdaguer,Nou Barris,Porta,"C Piferrer, 94"
P001,Internet i comunicacions,WiFi BCN,Centre Esportiu Municipal Piscina Sant Jordi,Eixample,la Nova Esquerra de l'Eixample,"París, 114"
P001,Internet i comunicacions,WiFi BCN,Punt de connexió Barcelona WiFi a la cruïlla dels carrers Comte Borrell amb carrer Mallorca,Eixample,la Nova Esquerra de l'Eixample,"C Comte Borrell, 213"
P001,Internet i comunicacions,WiFi BCN,Punt de connexió Barcelona WiFi a la cruïlla del carrer Provençals amb Llull,Sant Martí,Diagonal Mar i el Front Marítim del Poblenou,"C Llull, 326"
P001,Internet i comunicacions,WiFi BCN,Centre Cívic Sarrià,Sarrià-Sant Gervasi,Sarrià,"C Eduardo Conde, 22*42"
P001,Internet i comunicacions,WiFi BCN,Punt de connexió Barcelona WiFi a la cruïlla del carrer Vallmajor amb carrer Raset,Sarrià-Sant Gervasi,Sant Gervasi - Galvany,"C Vallmajor, 15"
P001,Internet i comunicacions,WiFi BCN,Punt de connexió Barcelona WiFi a la cruïlla del carrer Pau Claris amb Provença,Eixample,la Dreta de l'Eixample,"C Pau Claris, 169"
P001,Internet i comunicacions,WiFi BCN,Punt de connexió Barcelona WiFi a la cruïlla del carrer Lepant amb l'Encarnació,Horta-Guinardó,el Baix Guinardó,"C Lepant, 397"
P001,Internet i comunicacions,WiFi BCN,Punt de connexió Barcelona WiFi a la cruïlla del carrer Mallorca amb carrer Nàpols,Eixample,la Dreta de l'Eixample,"C Mallorca, 362"
P001,Internet i comunicacions,WiFi BCN,Punt de connexió Barcelona WiFi a la cruïlla del carrer Castella amb Passatge Burrull,Sant Martí,el Poblenou,"C Castella, 13"
P001,Internet i comunicacions,WiFi BCN,"Punt de connexió Barcelona WiFi a l'Avinguda Carlos III, a l'alçada del número 81",Les Corts,la Maternitat i Sant Ramon,"G.V. Carles III, 81"
P001,Internet i comunicacions,WiFi BCN,Casal de Gent Gran Taulat - Can Saladrigas,Sant Martí,el Poblenou,"C Llull, 214*216"
P001,Internet i comunicacions,WiFi BCN,Punt de connexió Barcelona WiFi a la cruïlla del c. Sicília amb la Gran Via de les Corts Catalanes,Eixample,el Fort Pienc,"G.V. Corts Catalanes, 709"
P001,Internet i comunicacions,WiFi BCN,Punt de connexió Barcelona WiFi a Pla de Palau amb l'Avinguda Marquès d'Argentera,Ciutat Vella,"Sant Pere, Santa Caterina i la Ribera","Pla Palau, 15"
P001,Internet i comunicacions,WiFi BCN,Punt de connexió Barcelona WiFi a la cruïlla del carrer Felip II amb c.de Juan de Garay,Sant Andreu,Navas,"C Felip II, 105"
P001,Internet i comunicacions,WiFi BCN,Punt de connexió Barcelona WiFi a la cruïlla del carrer Marià Aguiló amb Pallars,Sant Martí,el Poblenou,"C Pallars, 236"
P001,Internet i comunicacions,WiFi BCN,Punt de connexió Barcelona WiFi a la cruïlla de Padilla amb la Gran Via de les Corts Catalanes,Eixample,el Fort Pienc,"G.V. Corts Catalanes, 814"
P001,Internet i comunicacions,WiFi BCN,Espai d'Adolescents Jovecardí,Les Corts,la Maternitat i Sant Ramon,"Trav Corts, 94"
P001,Internet i comunicacions,WiFi BCN,Jardins de Can Castelló,Sarrià-Sant Gervasi,Sant Gervasi - Galvany,"Freixa, 56"
P001,Internet i comunicacions,WiFi BCN,Punt de connexió Barcelona WiFi a la cruïlla del carrer Comerç amb el Passeig Lluís Companys,Ciutat Vella,"Sant Pere, Santa Caterina i la Ribera","Plta Comerç, 1"
P001,Internet i comunicacions,WiFi BCN,Punt de connexió Barcelona WiFi a la cruïlla del carrer Padilla amb Consell de Cent,Eixample,la Sagrada Família,"C Consell de Cent, 531"
P001,Internet i comunicacions,WiFi BCN,Parc de la Ciutadella-Espai Lúdic Ambiental per a Famílies LaLudo,Ciutat Vella,"Sant Pere, Santa Caterina i la Ribera","Pas Institut Escola, 1"
P001,Internet i comunicacions,WiFi BCN,Centre Esportiu Municipal Júpiter,Sant Martí,Sant Martí de Provençals,"C Agricultura, 232"
P001,Internet i comunicacions,WiFi BCN,Servei de Documentació i Accés al Coneixement  (SEDAC),Ciutat Vella,el Barri Gòtic,"Pl Sant Jaume, 1"
P001,Internet i comunicacions,WiFi BCN,Centre de barri Eduard Aunós,Sants-Montjuïc,la Marina del Prat Vermell,"C Tortosa, 39"
P001,Internet i comunicacions,WiFi BCN,Punt de connexió Barcelona WiFi a la cruïlla del carrer Via Augusta 171 amb Muntaner,Sarrià-Sant Gervasi,Sant Gervasi - Galvany,"Via Augusta, 168"
P001,Internet i comunicacions,WiFi BCN,Centre Esportiu Municipal de Sant Sebastià,Ciutat Vella,la Barceloneta,"Pl Mar, 1"
P001,Internet i comunicacions,WiFi BCN,Punt de connexió Barcelona WiFi a la cruïlla del carrer Villarroel amb Consell de Cent,Eixample,l'Antiga Esquerra de l'Eixample,"C Villarroel, 91"
P001,Internet i comunicacions,WiFi BCN,Punt de connexió Barcelona WiFi a la cruïlla del carrer Casanova amb Aragó,Eixample,l'Antiga Esquerra de l'Eixample,"Av Roma, 151"
P001,Internet i comunicacions,WiFi BCN,Punt de connexió Barcelona WiFi a la cruïlla de la Rambla de Catalunya amb l'Avinguda Diagonal,Eixample,la Dreta de l'Eixample,"Av Diagonal, 393"
P001,Internet i comunicacions,WiFi BCN,Punt de connexió Barcelona WiFi a la cruïlla dels carrers Viladomat amb Còrsega,Eixample,la Nova Esquerra de l'Eixample,"C Viladomat, 269"
P001,Internet i comunicacions,WiFi BCN,Punt de connexió Barcelona WiFi a la cruïlla del carrer del Comte d'Urgell amb Còrsega,Eixample,l'Antiga Esquerra de l'Eixample,"C Comte d'Urgell, 222"
P001,Internet i comunicacions,WiFi BCN,Punt de connexió Barcelona WiFi a la cruïlla de la Plaça de Sants amb el Passeig de Sant Antoni,Sants-Montjuïc,Sants,"C Antoni de Capmany, 86"
P001,Internet i comunicacions,WiFi BCN,Punt de connexió Barcelona WiFi al Parc Central del Poblenou (Av Diagonal amb Pere IV),Sant Martí,Provençals del Poblenou,"Av Diagonal, 130"
P001,Internet i comunicacions,WiFi BCN,Centre Cívic El Sortidor,Sants-Montjuïc,el Poble Sec,"Pl Sortidor, 12"
P001,Internet i comunicacions,WiFi BCN,Casal de Gent Gran Pau Casals,Nou Barris,Canyelles,"C Juan Ramón Jiménez, 4*6"
P001,Internet i comunicacions,WiFi BCN,Casal de Gent Gran Montmany,Gràcia,la Vila de Gràcia,"C Montmany, 45"
P001,Internet i comunicacions,WiFi BCN,Punt de connexió Barcelona WiFi a la cruïlla de Rambla de Catalunya amb Pelai,Ciutat Vella,el Barri Gòtic,"Pl Catalunya, 23"
P001,Internet i comunicacions,WiFi BCN,Punt de connexió Barcelona WiFi a la cruïlla del carrer Marina amb Casp,Eixample,el Fort Pienc,"C Marina, 151"
P001,Internet i comunicacions,WiFi BCN,Punt de connexió Barcelona WiFi a la cruïlla del carrer Roger de Flor amb carrer Consell de Cent,Eixample,la Dreta de l'Eixample,"C Roger de Flor, 164"
P001,Internet i comunicacions,WiFi BCN,Casal de Gent Gran de Sant Ramon,Les Corts,la Maternitat i Sant Ramon,"Cardenal Reig, 11*LB"
P001,Internet i comunicacions,WiFi BCN,Jardins de Vil·la Cecília,Sarrià-Sant Gervasi,Sarrià,"Santa Amèlia, 1"
P001,Internet i comunicacions,WiFi BCN,Punt de connexió Barcelona WiFi a la plaça Pius XII,Les Corts,Pedralbes,"Pl Pius XII, 6"
P001,Internet i comunicacions,WiFi BCN,Punt de connexió Barcelona WiFi a la cruïlla del carrer de Sants amb el carrer Premià,Sants-Montjuïc,Sants,"C Sants, 36"
P001,Internet i comunicacions,WiFi BCN,Centre Cívic La Sagrera La Barraca,Sant Andreu,la Sagrera,"C Martí Molins, 29"
P001,Internet i comunicacions,WiFi BCN,El Centre de la Platja-Biblioplatja *Platja del Somorrostro,Ciutat Vella,la Barceloneta,"Pg Marítim Barceloneta, 25*29"
P001,Internet i comunicacions,WiFi BCN,Punt de connexió Barcelona WiFi a la cruïlla del carrer Llacuna amb Llull,Sant Martí,el Poblenou,"C Llacuna, 26"
P001,Internet i comunicacions,WiFi BCN,Associació el Caliu - Casal Congrés-Indians,Sant Andreu,el Congrés i els Indians,"C Acàcies, 26"
P001,Internet i comunicacions,WiFi BCN,Espai Jove Garcilaso,Sant Andreu,la Sagrera,"C Garcilaso, 103"
P001,Internet i comunicacions,WiFi BCN,Punt de connexió Barcelona WiFi a la cruïlla del carrer de Feliu i Codina amb Passeig Valldaura,Nou Barris,la Guineueta,"C Feliu i Codina, 114"
P001,Internet i comunicacions,WiFi BCN,Punt de connexió Barcelona WiFi a la Plaça de la Font Castellana,Horta-Guinardó,Can Baró,"Pl Font Castellana, 1"
P001,Internet i comunicacions,WiFi BCN,Punt de connexió Barcelona WiFi a la cruïlla del carrer del Consell de Cent amb Pau Claris,Eixample,la Dreta de l'Eixample,"C Consell de Cent, 326"
P001,Internet i comunicacions,WiFi BCN,Punt de connexió Barcelona WiFi a la cruïlla del Passeig de Sant Joan amb el carrer Rosselló,Eixample,la Dreta de l'Eixample,"Pg Sant Joan, 127"
P001,Internet i comunicacions,WiFi BCN,Punt de connexió Barcelona WiFi a la cruïlla del c. Sicília amb c. de Sant Antoni Maria Claret,Gràcia,el Camp d'en Grassot i Gràcia Nova,"C Sicília, 398"
P001,Internet i comunicacions,WiFi BCN,Punt de connexió Barcelona WiFi a la cruïlla del carrer Bruc amb carrer Casp,Eixample,la Dreta de l'Eixample,"C Bruc, 38"
P001,Internet i comunicacions,WiFi BCN,Museu Nacional d'Art de Catalunya,Sants-Montjuïc,el Poble Sec,"C Mirador Palau Nacional, 6*10"
P001,Internet i comunicacions,WiFi BCN,Punt de connexió Barcelona WiFi a la cruïlla del carrer Muntaner amb carrer Rector Ubach,Sarrià-Sant Gervasi,Sant Gervasi - Galvany,"C Muntaner, 351"
P001,Internet i comunicacions,WiFi BCN,Punt de connexió Barcelona WiFi a la cruïlla del carrer Pau Claris amb l'Avinguda Diagonal,Eixample,la Dreta de l'Eixample,"Av Diagonal, 371"
P001,Internet i comunicacions,WiFi BCN,Centre Esportiu Municipal Nova Icària,Sant Martí,la Vila Olímpica del Poblenou,"Av Icària, 167"
P001,Internet i comunicacions,WiFi BCN,Punt de connexió Barcelona WiFi a la cruïlla del carrer de Sants amb el carrer Alcolea,Sants-Montjuïc,Sants,"C Sants, 96"
P001,Internet i comunicacions,WiFi BCN,Casal de Gent Gran de Sant Martí,Sant Martí,Sant Martí de Provençals,"C Selva de Mar, 215"
P001,Internet i comunicacions,WiFi BCN,Punt de connexió Barcelona WiFi a la cruïlla del carrer Girona amb Gran Via de les Corts Catalanes,Eixample,la Dreta de l'Eixample,"G.V. Corts Catalanes, 686"
P001,Internet i comunicacions,WiFi BCN,Punt de connexió Barcelona WiFi a la cruïlla del carrer Provença amb carrer Cartagena,Eixample,la Sagrada Família,"C Provença, 528"
P001,Internet i comunicacions,WiFi BCN,Punt de connexió Barcelona WiFi a la cruïlla del carrer d'Enric Granados amb carrer Consell de Cent,Eixample,l'Antiga Esquerra de l'Eixample,"C Enric Granados, 15"
P001,Internet i comunicacions,WiFi BCN,Centre Cívic Zona Nord,Nou Barris,Ciutat Meridiana,"C Vallcivera, 14"
P001,Internet i comunicacions,WiFi BCN,Punt de connexió Barcelona WiFi a la cruïlla del carrer Nàpols amb l'Avinguda Diagonal,Eixample,el Fort Pienc,"Av Diagonal, 299"
P001,Internet i comunicacions,WiFi BCN,Centre Esportiu Municipal Les Corts,Les Corts,les Corts,"Trav Corts, 252*254"
P001,Internet i comunicacions,WiFi BCN,Punt de connexió Barcelona WiFi a la cruïlla del carrer carrer Gran de Gràcia amb Trav. de Gràcia,Gràcia,la Vila de Gràcia,"C Gran de Gràcia, 72"
P001,Internet i comunicacions,WiFi BCN,Centre Cívic Sant Martí-Espai Polivalent,Sant Martí,Sant Martí de Provençals,"Selva de Mar, 0215"
P001,Internet i comunicacions,WiFi BCN,Jardins de Sofia Barat,Eixample,la Dreta de l'Eixample,"C Girona, 64"
P001,Internet i comunicacions,WiFi BCN,Centre Cívic Can Deu,Les Corts,les Corts,"Pl Concòrdia, 13"
P001,Internet i comunicacions,WiFi BCN,Gran Teatre del Liceu,Ciutat Vella,el Raval,"C la Rambla, 51*59"
P001,Internet i comunicacions,WiFi BCN,Punt de connexió Barcelona WiFi a la cruïlla del carrer Lope de Vega amb el Passeig Taulat,Sant Martí,el Poblenou,"Pg Taulat, 173"
P001,Internet i comunicacions,WiFi BCN,Castell de Montjuïc,Sants-Montjuïc,el Poble Sec,"Ctra Montjuïc, 66"
P001,Internet i comunicacions,WiFi BCN,Centre Esportiu Municipal Sagrada Família,Eixample,la Sagrada Família,"C Cartagena, 231*239"
P001,Internet i comunicacions,WiFi BCN,Punt de connexió Barcelona WiFi a la plaça Reina Maria Cristina,Les Corts,Pedralbes,"Pl Reina Maria Cristina, 1"
P001,Internet i comunicacions,WiFi BCN,Punt de connexió Barcelona WiFi a la cruïlla del Passeig de Sant Joan amb Travessera de Gràcia,Gràcia,la Vila de Gràcia,"Trav Gràcia, 263"
P001,Internet i comunicacions,WiFi BCN,Punt de connexió Barcelona WiFi a la cruïlla de l'Av. Paral·lel amb Blasco de Garay,Sants-Montjuïc,el Poble Sec,"Av Paral.lel, 97"
P001,Internet i comunicacions,WiFi BCN,Punt de connexió Barcelona WiFi a la cruïlla de la Via Laietana amb el carrer Àngel Baixeres,Ciutat Vella,el Barri Gòtic,"Via Laietana, 3"
P001,Internet i comunicacions,WiFi BCN,Casal de Joves Palau Alòs,Ciutat Vella,"Sant Pere, Santa Caterina i la Ribera","C Sant Pere Més Baix, 55"
P001,Internet i comunicacions,WiFi BCN,Punt de connexió Barcelona WiFi al  Marià Aguilo cruïlla Camí Antic de València,Sant Martí,el Poblenou,"C Marià Aguiló, 15"
P001,Internet i comunicacions,WiFi BCN,Punt de connexió Barcelona WiFi a la cruïlla del carrer Muntaner amb carrer Consell de Cent,Eixample,l'Antiga Esquerra de l'Eixample,"C Muntaner, 57"
P001,Internet i comunicacions,WiFi BCN,Punt de connexió Barcelona WiFi a la cruïlla de Bac de Roda amb Ramón Turró,Sant Martí,Diagonal Mar i el Front Marítim del Poblenou,"C Bac de Roda, 32"
P001,Internet i comunicacions,WiFi BCN,"Punt de connexió Barcelona WiFi a la cruïlla del c. Roger de Flor amb Sant Antoni Maria Claret, 35",Gràcia,el Camp d'en Grassot i Gràcia Nova,"C Roger de Flor, 285"
P001,Internet i comunicacions,WiFi BCN,Punt de connexió Barcelona WiFi a la cruïlla del carrer Bruc amb carrer Mallorca,Eixample,la Dreta de l'Eixample,"C Bruc, 128"
P001,Internet i comunicacions,WiFi BCN,Punt de connexió Barcelona WiFi a la cruïlla del carrer Pau Claris amb la Ronda de Sant Pere,Eixample,la Dreta de l'Eixample,"Pl Urquinaona, 1"
P001,Internet i comunicacions,WiFi BCN,Punt de connexió Barcelona WiFi a la cruïlla del carrer Balmes amb carrer Mallorca,Eixample,la Dreta de l'Eixample,"C Balmes, 94"
P001,Internet i comunicacions,WiFi BCN,Punt de connexió Barcelona WiFi a la cruïlla del carrer Villaroel amb carrer Buenos Aires,Eixample,l'Antiga Esquerra de l'Eixample,"C Villarroel, 226"
P001,Internet i comunicacions,WiFi BCN,Punt de connexió Barcelona WiFi a la cruïlla del Passeig Maragall amb Indústria,Sant Martí,el Camp de l'Arpa del Clot,"Pg Maragall, 20"
P001,Internet i comunicacions,WiFi BCN,Mercat de Sarrià,Sarrià-Sant Gervasi,Sarrià,"Pg Reina Elisenda Montcada, 8"
P001,Internet i comunicacions,WiFi BCN,Casal de Barri de Prosperitat,Nou Barris,la Prosperitat,"Pl Àngel Pestaña, 1"
P001,Internet i comunicacions,WiFi BCN,Punt de connexió Barcelona WiFi a la cruïlla del carrer Bilbao amb Fernando Poo,Sant Martí,el Poblenou,"C Fernando Poo, 69"
P001,Internet i comunicacions,WiFi BCN,Punt de connexió Barcelona WiFi a la cruïlla del carrer Provença amb Passeig de Sant Joan,Eixample,la Dreta de l'Eixample,"C Provença, 386"
P001,Internet i comunicacions,WiFi BCN,Punt de connexió Barcelona WiFi a la cruïlla del c. Villarroel amb Gran Via de les Corts Catalanes,Eixample,Sant Antoni,"G.V. Corts Catalanes, 544"
P001,Internet i comunicacions,WiFi BCN,Fundació Antoni Tàpies,Eixample,la Dreta de l'Eixample,"C Aragó, 255"
P001,Internet i comunicacions,WiFi BCN,Punt de connexió Barcelona WiFi a la cruïlla de la Via Laietana amb el carrer Argenteria,Ciutat Vella,el Barri Gòtic,"Via Laietana, 21"
P001,Internet i comunicacions,WiFi BCN,Punt de connexió Barcelona WiFi a la cruïlla del carrer Doctor Roux amb Via Augusta,Sarrià-Sant Gervasi,les Tres Torres,"Via Augusta, 284"
P001,Internet i comunicacions,WiFi BCN,Punt de connexió Barcelona WiFi a la cruïlla del carrer Numància amb el carrer Deu i Mata,Les Corts,les Corts,"C Numància, 137"
P001,Internet i comunicacions,WiFi BCN,Punt de connexió Barcelona WiFi a la cruïlla Av. de l'Estatut de Catalunya amb Pl. Botticelli,Horta-Guinardó,Horta,"Av Estatut de Catalunya, 54"
P001,Internet i comunicacions,WiFi BCN,Punt de connexió Barcelona WiFi a la cruïlla del carrer Santaló amb carrer Descartes,Sarrià-Sant Gervasi,Sant Gervasi - Galvany,"C Santaló, 121"
P001,Internet i comunicacions,WiFi BCN,Punt de connexió Barcelona WiFi a la cruïlla del carrer Roger de Flor amb carrer Ausiàs March,Eixample,el Fort Pienc,"C Roger de Flor, 92"
P001,Internet i comunicacions,WiFi BCN,Centre Cívic Vallvidrera Vázquez Montalbán,Sarrià-Sant Gervasi,"Vallvidrera, el Tibidabo i les Planes","C Reis Catòlics, 16*34"
P001,Internet i comunicacions,WiFi BCN,Punt de connexió Barcelona WiFi a la cruïlla dels carrers Aribau amb carrer Aragó,Eixample,l'Antiga Esquerra de l'Eixample,"C Aribau, 49"
P001,Internet i comunicacions,WiFi BCN,Punt de connexió Barcelona WiFi a la cruïlla del carrer Marià Aguiló amb Llull,Sant Martí,el Poblenou,"C Marià Aguiló, 83"
P001,Internet i comunicacions,WiFi BCN,Punt de connexió Barcelona WiFi a la cruïlla dels carrers Viladomat amb carrer Parlament,Eixample,Sant Antoni,"C Viladomat, 21"
P001,Internet i comunicacions,WiFi BCN,Mercat de les Flors Centre de les Arts de Moviment,Sants-Montjuïc,el Poble Sec,"Lleida, 59"
P001,Internet i comunicacions,WiFi BCN,Centre Cívic Barceloneta,Ciutat Vella,la Barceloneta,"C Conreria, 1*9"
P001,Internet i comunicacions,WiFi BCN,Platja de la Nova Icària,Sant Martí,la Vila Olímpica del Poblenou,"Pg Marítim de Nova Icària, 60"
P001,Internet i comunicacions,WiFi BCN,Punt de connexió Barcelona WiFi a la cruïlla del carrer Bailén amb l'Avinguda Diagonal,Eixample,la Dreta de l'Eixample,"Av Diagonal, 335"
P001,Internet i comunicacions,WiFi BCN,Punt de connexió Barcelona WiFi a la cruïlla del carrer Sant Lluís amb el carrer Pi i Maragall,Gràcia,el Camp d'en Grassot i Gràcia Nova,"C Sant Lluís, 107"
P001,Internet i comunicacions,WiFi BCN,Punt de connexió Barcelona WiFi a la cruïlla de Pla de Palau amb el Passeig d'Isabel II,Ciutat Vella,"Sant Pere, Santa Caterina i la Ribera","Pla Palau, 22"
